offering_id,hotel,city,avg_rating,sentiment_score,pros,cons,n_reviews
AV-TGsFqRxPSIh2RmVF-,The Boxer,Boston,4.285,0.8213,"['location', 'friendly staff', 'comfortable', 'food', 'clean rooms']","['small rooms', 'broken', 'expensive', 'noisy rooms']",50
AV-TGuWBa4HuVbedGcJK,The St. Regis New York,New York,4.5294,0.8824,"['friendly staff', 'location', 'food', 'comfortable', 'view', 'clean rooms']","['small rooms', 'expensive', 'rude staff', 'broken']",51
AV-TGwK3IxWefVJwr5IJ,Kinzie Hotel,Chicago,4.438,0.8595,"['location', 'friendly staff', 'food', 'comfortable', 'clean rooms', 'view']","['noisy rooms', 'slow wifi', 'small rooms', 'broken', 'cleanliness', 'expensive']",138
AV-TGwqGIxWefVJwr5Ji,The Hotel of South Beach,Miami Beach,4.3857,0.8464,"['friendly staff', 'comfortable', 'location', 'clean rooms', 'food']","['noisy rooms', 'broken']",7
AV0IJ3wqLD2H7whiYXuf,Quality Inn,Hudson,4.0,0.75,"['food', 'clean rooms', 'friendly staff', 'comfortable', 'location']",[],3
AV0J-cFz-gnIPe8DU7eF,Embassy Suites by Hilton Boston at Logan Airport,Boston,5.0,1.0,"['clean rooms', 'friendly staff', 'food']",[],1
AV0JWKBj3D1zeR_xDTqe,"Bluegreen Parkside Williamsburg, Ascend Resort Collection",Williamsburg,4.8,0.95,[],[],1
AV0UozSd3D1zeR_xDf4b,Courtyard Austin South,Austin,5.0,1.0,"['clean rooms', 'friendly staff']",[],1
AV0XzY0D3D1zeR_xDveH,Aviator Hotel Anchorage,Anchorage,3.0,0.5,[],[],1
AV0Y-KUd3D1zeR_xD0V3,Fairfield Inn and Suites by Marriott Virginia Beach Oceanfront,Virginia Beach,4.1115,0.7779,"['food', 'friendly staff', 'location', 'clean rooms', 'comfortable', 'view']","['small rooms', 'expensive', 'noisy rooms', 'broken']",13
AV0Z9NhT-gnIPe8DVrWO,Days Inn Suites Big Spring,Big Spring,5.0,1.0,"['clean rooms', 'friendly staff']",[],2
AV0Z9NhtFcQ3k02bEj2u,Hampton Inn & Suites Big Spring,Big Spring,5.0,1.0,"['clean rooms', 'friendly staff', 'comfortable', 'food']",[],1
AV0ZF_BK3D1zeR_xD615,Doubletree by Hilton Hotel Reading,Reading,5.0,1.0,"['friendly staff', 'food', 'clean rooms', 'location', 'comfortable']",[],2
AV0aI23wFcQ3k02bEoYo,Hampton Inn Springfield South,Springfield,5.0,1.0,"['friendly staff', 'food']",[],1
AV0aKldgLD2H7whiZV4z,Lydia Johnson Inn,Hermann,4.0,0.75,"['location', 'comfortable']",[],1
AV0aVd_HLD2H7whiZf0N,Super 8 Anderson,Anderson,5.0,1.0,"['clean rooms', 'friendly staff', 'location', 'value']",[],1
AV0dLPzA3D1zeR_xEeNe,Pine Barn Inn,Danville,5.0,1.0,"['friendly staff', 'food']",[],2
AV0v_OlQLD2H7whiZv_5,Hampton Inn Ashtabula,Austinburg,4.0,0.75,"['clean rooms', 'friendly staff', 'location', 'food']",[],1
AV12lRqCa4HuVbed9qLQ,Hampton Inn and Suites Baltimore Inner Harbor,Baltimore,4.2269,0.8067,"['location', 'food', 'friendly staff', 'comfortable', 'value', 'clean rooms']",['cleanliness'],39
AV1TpZ3j3D1zeR_xEwq3,Homewood Suites by Hilton Baltimore,Baltimore,4.01,0.7525,"['food', 'friendly staff', 'location', 'comfortable', 'value', 'clean rooms']",['slow wifi'],15
AV1Ts51FLD2H7whiaPkN,Primrose Motel,Denver,5.0,1.0,['good wifi'],[],1
AV1XW5K3-gnIPe8DWvlR,Frederick Hotel Cafe,Loup City,4.0,0.75,[],[],1
AV1b9RLTLD2H7whiajc2,Best Western Plus Classic Inn Suites,Center,4.0,0.75,['location'],[],1
AV1b9aye-gnIPe8DXEvo,Courtyard Richland Columbia Point,Richland,3.3333,0.5833,"['clean rooms', 'friendly staff', 'view']",['small rooms'],3
AV1c2L3Aa4HuVbed5hnF,Courtyard by Marriott Westbury Long Island,Westbury,5.0,1.0,"['clean rooms', 'friendly staff', 'location']",[],1
AV1c4fcP3-Khe5l_MBlT,The Oaks Hotel,Paso Robles,4.6667,0.9167,"['friendly staff', 'food', 'comfortable', 'clean rooms']",[],3
AV1c4vmma4HuVbed5sdh,Browns Hill Tavern Motel,Mill Hall,4.0,0.75,['food'],[],1
AV1c7KRqRxPSIh2RY4wt,Hangar Hotel,Fredericksburg,5.0,1.0,['view'],[],1
AV1c84h8a4HuVbed5_Jy,Hampton Inn and Suites Williamsburg-Central,Williamsburg,4.2023,0.8006,"['friendly staff', 'clean rooms', 'comfortable', 'food', 'location']",['noisy rooms'],22
AV1c89jw3-Khe5l_MVmh,Hilton Garden Inn Williamsburg,Williamsburg,4.065,0.7662,"['comfortable', 'clean rooms', 'friendly staff', 'food', 'value', 'location']","['expensive', 'noisy rooms', 'small rooms']",10
AV1c_eI-3-Khe5l_MeAr,Days Inn Savannah,Savannah,4.0,0.75,"['clean rooms', 'friendly staff', 'location', 'comfortable', 'food']",[],1
AV1dAdj93-Khe5l_Mf_H,Luray Caverns Motel East,Luray,3.0,0.5,[],[],1
AV1dN3FM3-Khe5l_Ml9i,Central Park Hotel,Benton,5.0,1.0,[],[],1
AV1duqYRRxPSIh2RZeyw,Best Western Executive Inn Suites,Grand Rapids,4.0,0.75,"['clean rooms', 'friendly staff', 'comfortable']",[],1
AV1dx8MuIxWefVJwfODu,Landmark Hotel,Tidioute,5.0,1.0,"['friendly staff', 'food']",[],1
AV1eR9no3-Khe5l_NC5U,Siesta Motel,Newington,3.0,0.5,[],['noisy rooms'],1
AV1eS2suRxPSIh2RZ3G4,Best Western Plus Ruidoso Inn,Ruidoso,4.5,0.875,"['location', 'comfortable', 'good wifi', 'clean rooms', 'friendly staff', 'food']",['slow wifi'],2
AV1eS84ia4HuVbed6uqW,Best Western Sunland Park Inn,El Paso,4.0,0.75,"['friendly staff', 'food']",['noisy rooms'],1
AV1eS_1iIxWefVJwfbSC,Best Western Of Alexandria Inn & Suites & Conference Center,Alexandria,3.0,0.5,[],['slow wifi'],1
AV1eSnM6RxPSIh2RZ2UW,American Inn,Elko,4.0,0.75,['clean rooms'],[],1
AV1eSqqi3-Khe5l_ND9X,Americas Best Value Inn & Suites Canon City,Ca√±on City,4.0,0.75,['comfortable'],['cleanliness'],2
AV1eSrxWa4HuVbed6uJA,Americas Best Value Inn - Medical Center / Lubbock,Lubbock,1.0,0.0,[],['cleanliness'],1
AV1eSw2K3-Khe5l_NEJM,Best Western Sawmill Inn,Heber,5.0,1.0,"['clean rooms', 'friendly staff', 'food']",[],1
AV1eSxIH3-Khe5l_NEKD,Americas Best Value Inn Pryor,Pryor,3.5,0.625,"['clean rooms', 'comfortable', 'good wifi']","['slow wifi', 'small rooms']",2
AV1eT2MnRxPSIh2RZ5aK,Best Western Inn Suites,Ontario,5.0,1.0,"['clean rooms', 'friendly staff', 'comfortable', 'food']",[],1
AV1eT2tx3-Khe5l_NHdo,Anglers Inn,Ashton,2.0,0.25,[],"['cleanliness', 'broken']",1
AV1eT4k_RxPSIh2RZ5gv,Aloft Philadelphia Downtown,Philadelphia,5.0,1.0,"['friendly staff', 'location', 'comfortable', 'clean rooms', 'view', 'food']",[],16
AV1eTBB-RxPSIh2RZ3tP,Blue Gentian Lodge,Londonderry,5.0,1.0,"['friendly staff', 'comfortable', 'food']",[],1
AV1eTGPGa4HuVbed6vEI,Apple Tree Inn,Indianola,3.0,0.5,[],[],1
AV1eTHJWa4HuVbed6vFu,Austria Haus Hotel,Vail,4.8889,0.9722,"['location', 'friendly staff', 'food', 'clean rooms', 'good wifi', 'comfortable']",[],9
AV1eTNWV3-Khe5l_NFXP,Americas Best Value Inn Suburban Motel,Emmetsburg,4.0,0.75,"['clean rooms', 'friendly staff']",['broken'],1
AV1eTRlWa4HuVbed6vvx,Bricco Suites,Boston,5.0,1.0,"['clean rooms', 'food', 'location']",[],2
AV1eTUww3-Khe5l_NFwQ,Best Western Plus Vermilion River Suites Hotel,Lafayette,5.0,1.0,"['clean rooms', 'friendly staff']",[],1
AV1eTVLfa4HuVbed6v61,Best Western Plus Williston Hotel & Suites,Williston,5.0,1.0,"['clean rooms', 'friendly staff', 'food']",[],1
AV1eTXQF3-Khe5l_NF6Q,The James New York ‚Äì NoMad,New York,5.0,1.0,['friendly staff'],[],1
AV1eTa3XRxPSIh2RZ4g9,Candlewood Suites Somerset,Somerset,2.6,0.4,[],"['broken', 'cleanliness']",5
AV1eTehKIxWefVJwfcQ-,Chalet Motel,Bend,4.0,0.75,"['clean rooms', 'value']",[],1
AV1eThnNa4HuVbed6wos,Comfort Inn South,Kingsport,5.0,1.0,"['clean rooms', 'friendly staff', 'location', 'comfortable', 'food']",[],1
AV1eTj86IxWefVJwfccW,Comfort Suites,Danville,5.0,1.0,"['clean rooms', 'friendly staff', 'location', 'food']",[],1
AV1eTjxva4HuVbed6wwd,Comfort Inn Suites,Red Oak,4.0,0.75,"['clean rooms', 'friendly staff', 'location', 'food']",[],1
AV1eToleIxWefVJwfcob,Best Western Plus-portage Hotel & Suites,Portage,4.0,0.75,['comfortable'],[],1
AV1eTzDua4HuVbed6xdm,Comfort Inn Corydon,Corydon,4.0,0.75,"['clean rooms', 'friendly staff', 'food']",[],1
AV1eUAKnIxWefVJwfdbu,Best Western Plus Swiss Chalet Hotel Suites,Pecos,5.0,1.0,"['friendly staff', 'comfortable', 'food']",[],1
AV1eUB93RxPSIh2RZ522,Comfort Suites,Rensselaer,5.0,1.0,['friendly staff'],[],1
AV1eUGWzRxPSIh2RZ6CZ,Best Western Marble Falls Inn,Marble Falls,4.0,0.75,"['friendly staff', 'good wifi']",['slow wifi'],1
AV1eUgT83-Khe5l_NIvH,Wingate by Wyndham - Joliet,Joliet,5.0,1.0,"['friendly staff', 'food']",[],1
AV1ebL3qRxPSIh2RZ9Z4,Embassy Suites by Hilton Philadelphia - Center City,Philadelphia,4.0,0.75,"['clean rooms', 'friendly staff', 'location', 'view']",[],1
AV1flIFgIxWefVJwfjV0,Courtyard by Marriott Sioux Falls,Sioux Falls,4.0,0.75,"['clean rooms', 'comfortable']",['small rooms'],1
AV1flKIERxPSIh2RZ_qT,Days Inn-ellis,Ellis,4.0,0.75,"['clean rooms', 'comfortable']",['small rooms'],2
AV1fldKOIxWefVJwfjqX,Best Western Tolleson Hotel,Tolleson,5.0,1.0,"['clean rooms', 'friendly staff', 'comfortable']",[],1
AV1flj1e3-Khe5l_NQb1,Best Western Riverside Inn,Danville,4.0,0.75,['friendly staff'],[],1
AV1fluZq3-Khe5l_NQfY,Comfort Inn Midtown,Tulsa,4.0,0.75,"['clean rooms', 'comfortable', 'food']",[],1
AV1flwEc3-Khe5l_NQgC,Days Inn Columbus Airport,Columbus,5.0,1.0,[],[],1
AV1flynma4HuVbed66sW,Crossland Economy Studios Tacoma - Puyallup,Puyallup,5.0,1.0,"['clean rooms', 'friendly staff']",[],1
AV1h3NPca4HuVbed7eU8,"Pier 5 Hotel Baltimore, Curio Collection by Hilton",Baltimore,4.205,0.8012,"['friendly staff', 'location', 'comfortable', 'food', 'clean rooms', 'view']","['noisy rooms', 'broken', 'cleanliness', 'expensive']",40
AV1ha6JpIxWefVJwgDSa,The Westin Chicago River North,Chicago,4.5929,0.8982,"['location', 'comfortable', 'view', 'food', 'friendly staff', 'clean rooms']",[],14
AV1js0xi3-Khe5l_OFPG,"The Brookshire Suites Inner Harbor, BW Premier Collection",Baltimore,3.9062,0.7266,"['location', 'friendly staff', 'clean rooms', 'comfortable', 'food']","['broken', 'noisy rooms', 'cleanliness']",32
AV1tfpa83-Khe5l_Okjr,Grant House Hotel Eatery,Rush City,5.0,1.0,"['friendly staff', 'food']",[],1
AV1tg0O0IxWefVJwg_hX,Hilltop Motel,Newcastle,4.0,0.75,"['clean rooms', 'friendly staff', 'good wifi']","['slow wifi', 'small rooms']",1
AV1tg3ASRxPSIh2Rbbgq,Hampton Inn Suites Cincinnati/Uptown-University Area,Cincinnati,4.0,0.75,"['clean rooms', 'friendly staff', 'comfortable', 'food']",[],1
AV1tg8DXIxWefVJwhAU2,Pacific Inn,Anaheim,2.0,0.25,[],['cleanliness'],1
AV1tg8laIxWefVJwhAYd,Hampton Inn Knoxville/Clinton I-75,Clinton,5.0,1.0,"['clean rooms', 'friendly staff', 'food']",[],1
AV1tg9hD3-Khe5l_OtaK,Radisson Hotel Freehold,Freehold,4.2778,0.8194,"['clean rooms', 'comfortable', 'location', 'food', 'friendly staff', 'value']","['rude staff', 'noisy rooms']",18
AV1tgSS_3-Khe5l_Oo_Q,Kafka's Resort,Rhinelander,4.0,0.75,['clean rooms'],[],1
AV1tgZ7ca4HuVbed8TZK,"Super 8 Fairview Heights, St. Louis",Fairview Heights,3.0,0.5,[],[],1
AV1tgeDbRxPSIh2RbY6f,Hampton Inn Carrollton,Carrollton,3.0,0.5,[],[],1
AV1tgeI43-Khe5l_OqL5,Vail Racquet Club Mountain Resort,Vail,5.0,1.0,['friendly staff'],[],1
AV1tgf5nIxWefVJwg9W3,Residence Inn Cincinnati Airport,Erlanger,2.0,0.25,[],[],1
AV1tgk9i3-Khe5l_Oq36,Hampton Inn Indianola,Indianola,5.0,1.0,"['clean rooms', 'friendly staff', 'location', 'comfortable']",[],1
AV1th1nJIxWefVJwhEJj,Quality Inn,Decatur,5.0,1.0,"['clean rooms', 'friendly staff', 'food']",[],1
AV1th24t3-Khe5l_OxHY,Rodeway Inn,Rawlins,1.0,0.0,[],['cleanliness'],1
AV1th4WFRxPSIh2Rbf9f,Hampton Inn Oxford,Oxford,5.0,1.0,['clean rooms'],[],1
AV1thPkIRxPSIh2Rbd0g,Economy Inn,Chattanooga,1.0,0.0,[],[],1
AV1thRNIIxWefVJwhCPm,Hampton Inn Galax,Galax,5.0,1.0,"['comfortable', 'food']",[],1
AV1thYQqIxWefVJwhCq5,Quality Inn Suites At Olympic National Park,Sequim,5.0,1.0,"['friendly staff', 'location', 'comfortable', 'food']",[],1
AV1thbpR3-Khe5l_Ovyh,Quality Inn Colchester - Burlington,Colchester,3.0,0.5,[],[],1
AV1thf33RxPSIh2Rbey9,Hampton Inn Roanoke/Hollins - I-81,Roanoke,4.0,0.75,"['clean rooms', 'location', 'food']",[],1
AV1thiDE3-Khe5l_OwIo,Travel Inn,Ridgecrest,3.0,0.5,[],[],1
AV1tiALd3-Khe5l_OxeJ,Drury Inn Suites San Antonio North Stone Oak,San Antonio,4.0,0.75,"['clean rooms', 'friendly staff', 'comfortable', 'food', 'value']",[],1
AV1tiFF63-Khe5l_OxpE,Downsville Motel,Downsville,4.0,0.75,"['clean rooms', 'location']",[],1
AV1tiXLJ3-Khe5l_OyVc,Hampton Inn & Suites Altoona-des Moines,Altoona,5.0,1.0,"['friendly staff', 'location', 'food']",[],1
AV23rYbbIxWefVJwjO4a,Best Western Plus Lake Front Hotel,Moses Lake,4.4167,0.8542,"['food', 'friendly staff', 'view', 'comfortable', 'location', 'clean rooms']","['broken', 'small rooms']",12
AV3O9oECIxWefVJwjraT,The Pearl Hotel,New York,5.0,1.0,"['clean rooms', 'friendly staff', 'location', 'comfortable', 'food']",[],1
AV430t4ua4HuVbed_8GY,Hampton Inn & Suites St. Louis/South I-55,Saint Louis,5.0,1.0,"['clean rooms', 'friendly staff', 'comfortable', 'food', 'good wifi']",[],2
AV43XxGTIxWefVJwkpQ0,Quality Inn Midway Airport,Chicago,5.0,1.0,"['clean rooms', 'friendly staff', 'comfortable', 'food']",[],1
AV46zijca4HuVbedAGzh,Hampton Inn & Suites Bradenton Downtown Historic District,Bradenton,5.0,1.0,"['friendly staff', 'location', 'food']",[],1
AV486Nm5RxPSIh2RfwCY,SpringHill Suites by Marriott Virginia Beach Oceanfront,Virginia Beach,4.1429,0.7857,"['location', 'friendly staff', 'food', 'comfortable', 'clean rooms', 'view']","['broken', 'expensive']",21
AV488Rmya4HuVbedAaeG,"Bluegreen Vacations Patrick Henry Sqr, Ascend Resort Collection",Williamsburg,4.5214,0.8804,"['location', 'clean rooms', 'comfortable', 'friendly staff', 'value']",[],7
AV48ic48a4HuVbedAUNM,"The Virginian Suites, an Ascend Hotel Collection Member",Arlington,4.0814,0.7703,"['friendly staff', 'location', 'comfortable', 'clean rooms', 'value', 'food']","['small rooms', 'broken', 'slow wifi', 'cleanliness', 'expensive']",86
AV4zBlFx3-Khe5l_SI6V,Fairfield Inn & Suites by Marriott Key West at The Keys Collection,Key West,4.3,0.825,"['food', 'clean rooms', 'friendly staff', 'location', 'comfortable', 'value']","['broken', 'small rooms', 'expensive', 'slow wifi']",20
AV50HD7R3-Khe5l_WcdI,Central Park West Hostel,New York,2.0,0.25,[],"['slow wifi', 'cleanliness', 'small rooms', 'broken']",1
AV5Z9iNcRxPSIh2RjJ-v,Red Roof Inn & Suites Muskegon Heights,Muskegon,2.5455,0.3864,"['comfortable', 'location', 'value', 'friendly staff']",['cleanliness'],11
AV6ZfnuiRxPSIh2RlHtM,Quality Inn & Suites,Atlanta,1.0,0.0,[],['broken'],1
AV6a8cTwIxWefVJwqvv4,The London West Hollywood at Beverly Hills,West Hollywood,4.0,0.75,"['view', 'food']",['expensive'],1
AV7aroJkIxWefVJwrHnU,Sheraton Portland Airport Hotel,Portland,3.9444,0.7361,"['friendly staff', 'comfortable', 'location']","['expensive', 'noisy rooms', 'small rooms']",9
AV_2L3v1RxPSIh2RoCSt,Home2 Suites by Hilton Florence Cincinnati Airport South,Florence,5.0,1.0,"['location', 'food']",[],1
AV_JW7Jp3-Khe5l_ZkCd,WoodSpring Suites Virginia Beach,Virginia Beach,3.35,0.5875,[],[],1
AVwc-2C-ByjofQCxkRUw,Top's Motel,Heyburn,3.0,0.5,['good wifi'],"['slow wifi', 'broken']",2
AVwc-6nWIN2L1WUfq_Rx,Grand Imperial Hotel,Silverton,4.1667,0.7917,"['friendly staff', 'value', 'clean rooms', 'comfortable']",['broken'],6
AVwc-7e9ByjofQCxkSN3,Comfort Inn I-10 West at 51st Ave,Phoenix,4.0,0.75,"['location', 'comfortable']",[],3
AVwc-HjcByjofQCxkKD_,Hyatt Regency-valencia,Valencia,3.5556,0.6389,"['friendly staff', 'location', 'clean rooms', 'food', 'view']","['noisy rooms', 'rude staff']",9
AVwc-JwIIN2L1WUfq3r-,Quality Inn,Monroe,2.5,0.375,"['comfortable', 'food']",['slow wifi'],2
AVwc-NsU_7pvs4fz06Ky,Cooper Hill Inn,East Dover,5.0,1.0,"['friendly staff', 'food']",[],1
AVwc-U9c_7pvs4fz07ST,"Home2 Suites by Hilton Erie, PA",Erie,3.7143,0.6786,"['friendly staff', 'comfortable', 'food', 'good wifi', 'location', 'clean rooms']",['broken'],7
AVwc-UVS_7pvs4fz07J4,Honua Kai Resort Spa,Lahaina,4.404,0.851,"['friendly staff', 'view', 'location', 'food', 'comfortable', 'clean rooms']","['broken', 'cleanliness', 'expensive', 'small rooms', 'noisy rooms']",99
AVwc-W5uIN2L1WUfq5sp,Staybridge Suites Rockford,Rockford,4.6667,0.9167,"['friendly staff', 'clean rooms', 'food']",[],3
AVwc-bXxkufWRAb50_g9,Hotel Sausalito,Sausalito,4.2857,0.8214,"['location', 'friendly staff', 'comfortable', 'view', 'clean rooms', 'food']","['small rooms', 'noisy rooms', 'expensive']",7
AVwc-pYckufWRAb51B78,The Cub Motel,Cosby,3.75,0.6875,"['clean rooms', 'comfortable', 'value', 'view']",['cleanliness'],4
AVwc-sD2IN2L1WUfq9BD,Best Western Plus Midwest Inn Suites,Salina,4.3333,0.8333,"['friendly staff', 'food', 'clean rooms', 'location', 'comfortable']",['small rooms'],6
AVwc-wvKkufWRAb51DD3,Americas Best Value Inn - Greeley/Evans,Evans,1.0,0.0,[],['cleanliness'],1
AVwc03Tk_7pvs4fzzYKK,Drury Inn Suites Sikeston,Sikeston,5.0,1.0,"['food', 'friendly staff', 'clean rooms']",[],2
AVwc0A7KByjofQCxidZX,Hampton Inn & Suites Dickinson,Dickinson,5.0,1.0,[],[],1
AVwc0FWTkufWRAb5zTC1,Halcyon Hotel,San Francisco,1.0,0.0,[],[],1
AVwc0GB9IN2L1WUfpLnq,Aloft Jacksonville Tapestry Park,Jacksonville,4.8,0.95,"['friendly staff', 'location', 'food', 'clean rooms', 'comfortable', 'good wifi']","['slow wifi', 'small rooms']",5
AVwc0KG7_7pvs4fzzQPi,Blue Sands Motel,Santa Barbara,4.6667,0.9167,"['friendly staff', 'comfortable', 'clean rooms', 'location', 'value']",['noisy rooms'],3
AVwc0O3SIN2L1WUfpNXr,Days Inn & Suites Milwaukee Airport,Milwaukee,2.375,0.3438,"['clean rooms', 'friendly staff', 'location', 'food']","['small rooms', 'broken', 'rude staff', 'cleanliness']",8
AVwc0k5lIN2L1WUfpRI-,Hampton Inn Suites Orangeburg,Orangeburg,5.0,1.0,"['friendly staff', 'comfortable', 'clean rooms', 'location', 'food']",[],3
AVwc0od1kufWRAb5zZEu,Best Western Plus Mid Nebraska Inn & Suites,Kearney,5.0,1.0,"['friendly staff', 'comfortable', 'clean rooms', 'food', 'location', 'value']",[],3
AVwc0qs5_7pvs4fzzV6q,Residence Inn Sacramento Airport Natomas,Sacramento,4.0,0.75,"['clean rooms', 'location', 'comfortable', 'food', 'friendly staff']",[],3
AVwc0wA9ByjofQCximI_,Hiway House Motel,Albuquerque,3.5,0.625,"['friendly staff', 'food', 'value']",['expensive'],2
AVwc0xPhkufWRAb5zau2,Comfort Inn Suites,Santee,3.6667,0.6667,['location'],['rude staff'],3
AVwc0xpykufWRAb5zazh,Copperleaf Hotel,Appleton,4.5,0.875,"['friendly staff', 'clean rooms', 'food']",[],2
AVwc10FFIN2L1WUfpeN7,Quality Inn,Lake Elsinore,4.0,0.75,"['clean rooms', 'friendly staff', 'comfortable', 'food']",['small rooms'],3
AVwc140q_7pvs4fzziCB,Sea Shore Motel,Santa Monica,4.6667,0.9167,"['location', 'friendly staff', 'clean rooms', 'good wifi', 'comfortable', 'value']","['expensive', 'slow wifi']",9
AVwc15Vm_7pvs4fzziHL,Solstice Motorcoach Resort,Mesquite,3.0,0.5,[],[],1
AVwc17-JByjofQCxiydp,Residence Inn Portland North / Vancouver,Vancouver,4.6667,0.9167,"['friendly staff', 'food']",[],3
AVwc199IkufWRAb5zmWw,The Dunes On The Waterfront,Ogunquit,5.0,1.0,"['friendly staff', 'location', 'view']",[],2
AVwc1BxfIN2L1WUfpWQh,Hyatt Place Dallas/Las Colinas,Irving,4.4444,0.8611,"['friendly staff', 'comfortable', 'food', 'clean rooms', 'value']",['slow wifi'],9
AVwc1F3fIN2L1WUfpW5-,Inn At The 5th,Eugene,5.0,1.0,"['comfortable', 'friendly staff', 'value', 'location', 'view', 'food']",[],6
AVwc1FvUByjofQCxipvD,Fairfield Inn Suites Austin-University Area,Austin,4.0,0.75,"['clean rooms', 'friendly staff', 'food', 'value']",[],1
AVwc1J2HkufWRAb5zedV,Best Western Harker Heights,Harker Heights,3.0,0.5,[],['rude staff'],1
AVwc1J5lByjofQCxiqZT,Comfort Suites At Eglin Air Force Base,Niceville,4.8,0.95,"['food', 'clean rooms', 'friendly staff', 'comfortable', 'value']",[],5
AVwc1MzvkufWRAb5ze8e,Homewood Suites by Hilton Austin Arboretum / NW,Austin,5.0,1.0,"['friendly staff', 'food', 'comfortable', 'location', 'clean rooms']",[],8
AVwc1O06_7pvs4fzzbzB,Six South St Hotel,Hanover,4.5,0.875,"['clean rooms', 'friendly staff', 'location', 'comfortable']",[],2
AVwc1VAjByjofQCxisUh,Residence Inn Baltimore BWI Airport,Linthicum Heights,5.0,1.0,"['clean rooms', 'friendly staff', 'food']",[],1
AVwc1YAxByjofQCxisyY,La Quinta Inn Suites San Antonio Northwest,San Antonio,4.2,0.8,"['clean rooms', 'friendly staff', 'comfortable', 'food', 'location']",['noisy rooms'],5
AVwc1ZBeByjofQCxis-2,Holiday Inn Express & Suites Florence I-95 & I-20 Civic Ctr,Florence,4.6,0.9,"['food', 'clean rooms', 'friendly staff', 'comfortable', 'location']",[],5
AVwc1d-ckufWRAb5zhtw,Historic Hotel Bethlehem,Bethlehem,4.0,0.75,['friendly staff'],[],1
AVwc1kVk_7pvs4fzzfDE,Hotel Sutter,Sutter Creek,4.0,0.75,"['friendly staff', 'food']","['slow wifi', 'small rooms']",4
AVwc1q6iIN2L1WUfpc6x,Days Inn Princeton,Princeton,1.5,0.125,[],[],2
AVwc1t-FkufWRAb5zkAS,Americas Best Value Inn-east Syracuse,East Syracuse,3.6667,0.6667,"['clean rooms', 'friendly staff', 'comfortable']",[],3
AVwc252WIN2L1WUfpqLP,Rancho Valencia Resort Spa,Rancho Santa Fe,5.0,1.0,['friendly staff'],[],3
AVwc26VbByjofQCxi9HV,Comfort Suites,Augusta,3.75,0.6875,"['location', 'friendly staff', 'food', 'comfortable']",[],4
AVwc2FDh_7pvs4fzzkAr,Hampton Inn & Suites New Albany Columbus,New Albany,5.0,1.0,"['clean rooms', 'friendly staff', 'location', 'comfortable']",[],1
AVwc2GJ4IN2L1WUfphVS,Hilton Garden Inn Lincoln Downtown Haymarket,Lincoln,4.0,0.75,"['clean rooms', 'location']",['cleanliness'],2
AVwc2Ih4ByjofQCxi0n1,Best Western-valencia Inn,Valencia,3.5,0.625,"['clean rooms', 'comfortable', 'location', 'food']",['noisy rooms'],4
AVwc2L3JByjofQCxi1LD,Four Points By Sheraton Charlotte-pineville,Pineville,4.5,0.875,"['friendly staff', 'clean rooms', 'comfortable']",[],2
AVwc2TYnByjofQCxi2dW,Budget Inn,Watkins Glen,1.5,0.125,[],"['noisy rooms', 'broken', 'cleanliness']",2
AVwc2Til_7pvs4fzzmhS,Econo Lodge Inn and Suites,Dickson,3.0,0.5,[],[],1
AVwc2U28ByjofQCxi2vA,Best Western Inn & Suites At Discovery Kingdom,Vallejo,3.2857,0.5714,"['friendly staff', 'comfortable', 'food', 'value', 'clean rooms']","['cleanliness', 'broken', 'slow wifi']",7
AVwc2UTzIN2L1WUfpjyU,Holiday Inn Express & Suites Lakeland North - I-4,Lakeland,5.0,1.0,"['clean rooms', 'food', 'friendly staff', 'location', 'value']",[],3
AVwc2VrtByjofQCxi25D,Enchanted Isle Resort,Hollywood,4.0,0.75,"['location', 'friendly staff']",[],2
AVwc2Wn-ByjofQCxi3DK,Grand Hyatt Kauai Resort & Spa,Koloa,4.4815,0.8704,"['friendly staff', 'location', 'view', 'food', 'value', 'comfortable']","['expensive', 'broken', 'slow wifi']",27
AVwc2_cd_7pvs4fzzttM,Holiday Inn Express Prince Frederick,Prince Frederick,3.7727,0.6932,"['friendly staff', 'food', 'clean rooms', 'location', 'comfortable', 'value']","['broken', 'small rooms', 'slow wifi', 'rude staff']",22
AVwc2hH0ByjofQCxi40F,Residence Inn Springfield South,Springfield,5.0,1.0,['friendly staff'],[],1
AVwc2mIrIN2L1WUfpm46,Chebeague Island Inn,Chebeague Island,4.0,0.75,['comfortable'],['broken'],1
AVwc2mYbIN2L1WUfpm8c,Hotel Galaxy,Las Vegas,3.0,0.5,[],[],1
AVwc2oVH_7pvs4fzzp_D,Pomaika'i Lucky Farm BB,Captain Cook,3.0,0.5,['clean rooms'],[],2
AVwc2qWJIN2L1WUfpnng,Hampton Inn & Suites Springfield/Downtown,Springfield,4.75,0.9375,"['friendly staff', 'food', 'clean rooms', 'comfortable', 'good wifi', 'value']",[],4
AVwc2rCTkufWRAb5zt6J,Oxford Suites Redding,Redding,4.5385,0.8846,"['friendly staff', 'food', 'comfortable', 'clean rooms', 'location', 'good wifi']",['small rooms'],13
AVwc2s2QkufWRAb5zuMI,The Lodge at Pebble Beach,Pebble Beach,4.75,0.9375,"['friendly staff', 'food', 'view']",[],4
AVwc2wu5ByjofQCxi7l9,Hampton Inn Lebanon,Lebanon,5.0,1.0,"['friendly staff', 'clean rooms', 'food', 'comfortable']",[],2
AVwc35Mf_7pvs4fzz387,Hampton Inn & Suites Fremont,Fremont,3.6667,0.6667,"['friendly staff', 'food', 'clean rooms', 'comfortable']",[],3
AVwc3Cv_ByjofQCxi-sH,Hampton Inn Columbus/South-Fort Benning,Columbus,4.8,0.95,"['clean rooms', 'friendly staff', 'food', 'location', 'comfortable']",[],10
AVwc3FBckufWRAb5zyMp,Westgate Inn & Suites,Clarksville,3.0,0.5,"['clean rooms', 'friendly staff', 'comfortable', 'food']",['cleanliness'],5
AVwc3IOzIN2L1WUfpsrn,Western Inn Motel,Billings,4.5,0.875,"['clean rooms', 'friendly staff']",['expensive'],2
AVwc3IYSkufWRAb5zywY,TownePlace Suites Seattle Everett/Mukilteo,Mukilteo,4.6667,0.9167,"['friendly staff', 'location', 'food']",[],3
AVwc3NnkkufWRAb5zztJ,Holiday Inn Express Grove City (Outlet Center),Mercer,4.0,0.75,"['clean rooms', 'comfortable', 'food']",['small rooms'],1
AVwc3RCu_7pvs4fzzw5t,Budget Inn,Marinette,1.0,0.0,[],['small rooms'],1
AVwc3iwLkufWRAb5z3a8,Golden West Motel,Klamath Falls,5.0,1.0,"['comfortable', 'location', 'clean rooms', 'friendly staff', 'food']",[],2
AVwc3lf-kufWRAb5z3_N,Quality Inn Suites,Mansfield,4.0,0.75,"['clean rooms', 'friendly staff', 'comfortable']",[],1
AVwc3m5J_7pvs4fzz0tE,Hotel Rose,Portland,4.3333,0.8333,"['location', 'friendly staff']",[],3
AVwc3vbXByjofQCxjGPg,"The Dana On Mission Bay, BW Premier Collection",San Diego,4.5,0.875,"['view', 'friendly staff']",[],6
AVwc40Us_7pvs4fz0Box,Courtyard Atlanta Airport South/Sullivan Road,Atlanta,4.0,0.75,"['friendly staff', 'location']",[],1
AVwc40h__7pvs4fz0Br-,Tradewinds Restaurant,Orlando,4.5,0.875,"['comfortable', 'food', 'friendly staff', 'location']","['noisy rooms', 'rude staff']",10
AVwc47jAIN2L1WUfp__5,National Trail Motel,Markleysburg,4.0,0.75,['comfortable'],['small rooms'],1
AVwc4ASCIN2L1WUfp2HV,El Toro Motel,San Luis Obispo,5.0,1.0,"['friendly staff', 'location']",[],1
AVwc4FrxByjofQCxjJsS,Comfort Inn Suites Savannah Airport,Savannah,5.0,1.0,"['comfortable', 'food']",[],1
AVwc4KZE_7pvs4fzz6k4,Best Western Black Hills Lodge,Spearfish,3.6,0.65,"['comfortable', 'clean rooms', 'friendly staff']",['broken'],5
AVwc4Kx9ByjofQCxjKhe,Quality Inn,Milesburg,3.3333,0.5833,"['clean rooms', 'friendly staff', 'comfortable']","['cleanliness', 'broken', 'noisy rooms']",3
AVwc4NiY_7pvs4fzz7Id,Lexington Inn At Jfk Airport,Jamaica,4.0,0.75,['location'],[],1
AVwc4PdrByjofQCxjLOH,Days Inn Fort Wayne,Fort Wayne,3.3333,0.5833,"['comfortable', 'food']","['noisy rooms', 'slow wifi', 'cleanliness']",6
AVwc4QuEIN2L1WUfp4qV,Hampton Inn & Suites Salisbury Fruitland,Fruitland,5.0,1.0,"['friendly staff', 'food', 'clean rooms', 'comfortable']",[],3
AVwc4QylByjofQCxjLYZ,"The Pines Lodge, A RockResort",Avon,5.0,1.0,"['friendly staff', 'location']",[],1
AVwc4T84_7pvs4fzz77C,BEST WESTERN Garden Inn,Santa Rosa,3.6,0.65,"['clean rooms', 'friendly staff', 'comfortable', 'food', 'good wifi']","['broken', 'slow wifi', 'expensive']",15
AVwc4UhRkufWRAb5z_hu,Best Western Appleton Inn,Appleton,4.0,0.75,[],[],3
AVwc4V22_7pvs4fzz8PT,Holiday Inn Express & Suites Bloomington,Bloomington,4.2,0.8,"['clean rooms', 'friendly staff', 'food', 'comfortable', 'location']",[],5
AVwc4XA3IN2L1WUfp5qS,Quality Inn,Hartwell,3.0,0.5,[],[],1
AVwc4YmTByjofQCxjMpi,La Cuesta Inn,San Luis Obispo,3.6667,0.6667,"['friendly staff', 'food']","['expensive', 'small rooms', 'noisy rooms']",3
AVwc4Yue_7pvs4fzz8sE,North Port Motel,Copper Harbor,4.0,0.75,"['clean rooms', 'comfortable']",[],1
AVwc4Z7qIN2L1WUfp6Kv,Best Western Plus Hawthorne Terrace Hotel,Chicago,4.75,0.9375,"['good wifi', 'friendly staff']",[],4
AVwc4_E0IN2L1WUfqAt3,The College Club of Boston,Boston,4.0,0.75,"['friendly staff', 'comfortable', 'value', 'clean rooms', 'location', 'food']","['broken', 'noisy rooms']",7
AVwc4_NSIN2L1WUfqAvs,Pear Tree Inn St. Louis Near Union Station,Saint Louis,3.75,0.6875,"['friendly staff', 'food', 'location', 'clean rooms']",[],4
AVwc4gteByjofQCxjOB5,The Pontchartrain Hotel,New Orleans,3.6,0.65,"['clean rooms', 'friendly staff', 'location', 'comfortable', 'view']",['noisy rooms'],5
AVwc56FSIN2L1WUfqKny,Atlantis Oceanfront Inn,Gloucester,4.5,0.875,"['friendly staff', 'location', 'view', 'clean rooms', 'food', 'comfortable']",['noisy rooms'],8
AVwc56Le_7pvs4fz0Nb_,Four Points by Sheraton Miami Beach,Miami Beach,3.5185,0.6296,"['friendly staff', 'location', 'food', 'clean rooms', 'comfortable', 'value']","['broken', 'small rooms', 'slow wifi', 'expensive', 'noisy rooms', 'cleanliness']",27
AVwc56TA_7pvs4fz0NdI,Quality Inn Suites,Miramar Beach,3.0,0.5,"['clean rooms', 'comfortable']",[],2
AVwc5AUsByjofQCxjTsN,Litson Villas,Kittery,4.0,0.75,"['clean rooms', 'comfortable', 'value']","['broken', 'small rooms']",2
AVwc5D0_kufWRAb50IDu,Echo Sails Motel,Clearwater Beach,5.0,1.0,[],[],1
AVwc5DdcIN2L1WUfqBcg,Crossland Economy Studios Shreveport - Bossier City,Bossier City,4.0,0.75,"['friendly staff', 'value']",[],1
AVwc5FUvIN2L1WUfqBv-,Magnuson Hotel Nashville North,Goodlettsville,1.0,0.0,[],[],1
AVwc5HVjByjofQCxjU5T,Comfort Inn,Dunn,5.0,1.0,"['friendly staff', 'location', 'comfortable', 'food']",[],1
AVwc5Jjt_7pvs4fz0Flg,Sleep Inn,Charleston,4.3333,0.8333,"['food', 'clean rooms', 'friendly staff', 'value', 'comfortable', 'location']",['small rooms'],6
AVwc5WdKkufWRAb50LJX,Best Western Pasadena Royale,Pasadena,4.5,0.875,"['friendly staff', 'food', 'location', 'comfortable', 'clean rooms']",['small rooms'],2
AVwc5ZR8IN2L1WUfqE_6,Best Western Plus Stevens County Inn,Hugoton,5.0,1.0,"['friendly staff', 'comfortable']",[],1
AVwc5_ErByjofQCxjeZE,The Annex at The Chelsea,Atlantic City,2.0,0.25,"['comfortable', 'friendly staff', 'good wifi']","['cleanliness', 'broken', 'rude staff', 'small rooms', 'slow wifi']",16
AVwc5fjDByjofQCxjY7d,Hilton Garden Inn Myrtle Beach/Coastal Grand Mall,Myrtle Beach,5.0,1.0,"['clean rooms', 'friendly staff', 'comfortable']",[],1
AVwc5iSZIN2L1WUfqGpg,Baymont Inn & Suites Goodlettsville,Goodlettsville,3.75,0.6875,"['clean rooms', 'friendly staff', 'comfortable', 'food']",['small rooms'],4
AVwc5kWBIN2L1WUfqHFe,Motel 6 Lawrence Ks,Lawrence,2.0,0.25,[],['cleanliness'],4
AVwc5rFrByjofQCxjbI9,Aloft Detroit at The David Whitney,Detroit,4.0,0.75,"['friendly staff', 'comfortable', 'location', 'view']",['broken'],2
AVwc5tET_7pvs4fz0Lkc,Comfort Suites,South Haven,3.0,0.5,"['clean rooms', 'friendly staff', 'view', 'value']",[],2
AVwc5u3HByjofQCxjbvH,Rodeway Inn,Boise,4.0,0.75,"['friendly staff', 'clean rooms', 'food']",['small rooms'],2
AVwc64A1ByjofQCxjoY9,Best Western Territorial Inn Suites,Bloomfield,4.6,0.9,"['friendly staff', 'food', 'location', 'clean rooms', 'comfortable', 'good wifi']","['cleanliness', 'slow wifi']",5
AVwc65WOByjofQCxjoln,Hearthside Village Cottage Motel,Bethlehem,5.0,1.0,"['clean rooms', 'comfortable']",[],1
AVwc67ME_7pvs4fz0YVR,Ramada Mesa Phoenix East Area,Mesa,2.5,0.375,"['friendly staff', 'location', 'comfortable', 'food']","['broken', 'rude staff', 'cleanliness']",6
AVwc68x7_7pvs4fz0YnD,Red Roof Inn Fresno - Yosemite Gateway,Fresno,2.2,0.3,"['friendly staff', 'food', 'comfortable']","['cleanliness', 'noisy rooms', 'broken', 'slow wifi']",10
AVwc69WpkufWRAb50cQn,Americas Best Value Inn-north Capital,Raleigh,3.0,0.5,[],[],1
AVwc6Hq2ByjofQCxjf93,Best Western Plus Executive Inn,Saint Marys,5.0,1.0,"['clean rooms', 'friendly staff', 'comfortable', 'food']",[],1
AVwc6K4B_7pvs4fz0QVw,M-Star Cedar City,Cedar City,4.0,0.75,"['clean rooms', 'friendly staff', 'comfortable', 'food']",['rude staff'],3
AVwc6Mep_7pvs4fz0Qmz,Residence Inn Naples,Naples,4.7143,0.9286,"['friendly staff', 'food', 'clean rooms', 'location', 'comfortable']",[],7
AVwc6PA1kufWRAb50UpC,Holiday Inn Hotel & Suites Tampa North-busch Gardens Area,Tampa,3.0,0.5,"['clean rooms', 'friendly staff', 'comfortable', 'food', 'value']",[],3
AVwc6R4-ByjofQCxjhyS,Hampton Inn Memphis/Southaven,Southaven,4.5,0.875,"['friendly staff', 'clean rooms', 'comfortable', 'food']",[],4
AVwc6TC1IN2L1WUfqPIt,Motel 6 Ardmore,Ardmore,4.0,0.75,"['clean rooms', 'friendly staff']","['slow wifi', 'noisy rooms']",1
AVwc6WwdByjofQCxjiqU,Old Colonial Motel,Old Orchard Beach,5.0,1.0,"['friendly staff', 'comfortable']",[],1
AVwc6_9sByjofQCxjpxZ,Cave Mountain Motel,Windham,4.0,0.75,"['clean rooms', 'food']",[],1
AVwc6ahtkufWRAb50Wq7,Comfort Inn,Fort Morgan,5.0,1.0,"['food', 'friendly staff', 'value']",[],2
AVwc6hUwkufWRAb50Xu1,Heidelberg Lodges,New Braunfels,3.5,0.625,[],['small rooms'],2
AVwc6ndVByjofQCxjlhg,Americas Best Value Inn,Somerset,1.0,0.0,[],[],2
AVwc6o7hkufWRAb50Y9Z,Hampton Inn & Suites Rosemont Chicago O'hare,Des Plaines,5.0,1.0,['friendly staff'],[],1
AVwc6p2DIN2L1WUfqTIg,North Star Lodge,Killington,4.5,0.875,"['comfortable', 'location']",[],2
AVwc6pA3kufWRAb50Y-l,Country Vintage Inn,Osawatomie,4.3333,0.8333,"['clean rooms', 'comfortable', 'friendly staff', 'food']",['broken'],3
AVwc6syHIN2L1WUfqTpO,Table Mountain Inn,Golden,4.5,0.875,"['food', 'clean rooms', 'friendly staff', 'view', 'location']",[],4
AVwc6uOPkufWRAb50Z2v,Rodeway Inn,Brownsville,2.0,0.25,[],"['cleanliness', 'noisy rooms']",2
AVwc6veOkufWRAb50aEF,Sleep Inn & Suites Van Buren,Van Buren,4.0,0.75,[],[],1
AVwc70fJ_7pvs4fz0hwm,Jack Huff's,Gatlinburg,5.0,1.0,"['clean rooms', 'friendly staff', 'value']",[],1
AVwc76DDIN2L1WUfqgpv,Days Inn Faribault,Faribault,4.0,0.75,"['friendly staff', 'food', 'clean rooms']",['small rooms'],2
AVwc79vuIN2L1WUfqhQG,Century Hotel,Tualatin,4.5,0.875,"['friendly staff', 'food', 'location', 'clean rooms']",[],2
AVwc7A4mkufWRAb50c7D,Mountain View Inn,Cleveland,3.0,0.5,[],['small rooms'],1
AVwc7MRAByjofQCxjrsp,Days Inn Gillette,Gillette,3.625,0.6562,"['friendly staff', 'clean rooms', 'location']",['cleanliness'],8
AVwc7OG9_7pvs4fz0boR,Drury Inn Suites Dayton North,Dayton,4.7143,0.9286,"['food', 'friendly staff', 'comfortable', 'clean rooms']",['noisy rooms'],7
AVwc7Qx9ByjofQCxjsf8,Crown Reef Beach Resort and Waterpark,Myrtle Beach,5.0,1.0,[],[],1
AVwc7Say_7pvs4fz0cTU,Best Western Mesquite Inn,Mesquite,4.5,0.875,"['clean rooms', 'comfortable', 'food', 'friendly staff', 'location', 'value']",[],8
AVwc7TFBkufWRAb50f5a,Schooner Creek Resort,Kimberling City,2.0,0.25,[],[],1
AVwc7W8SByjofQCxjtic,Aloft Cleveland Downtown,Cleveland,4.3333,0.8333,"['location', 'comfortable', 'clean rooms', 'view', 'food']",[],3
AVwc7gsDkufWRAb50iL_,Best Western Pioneer Inn,Lahaina,4.3529,0.8382,"['location', 'clean rooms', 'friendly staff', 'food', 'comfortable', 'view']","['noisy rooms', 'small rooms', 'broken', 'cleanliness', 'slow wifi']",17
AVwc7i2zIN2L1WUfqcza,Four Points by Sheraton Columbus Ohio Airport,Columbus,4.25,0.8125,"['friendly staff', 'clean rooms', 'value']",[],4
AVwc7mVnByjofQCxjwJZ,Baymont Inn & Suites Pueblo,Pueblo,3.8,0.7,"['comfortable', 'friendly staff', 'location', 'food', 'clean rooms', 'good wifi']","['small rooms', 'broken']",5
AVwc7s33_7pvs4fz0gsE,Holiday Inn Express Tulsa-Woodland Hills,Tulsa,5.0,1.0,[],[],1
AVwc7uurIN2L1WUfqexC,Courtyard by Marriott Houston Brookhollow,Houston,3.8182,0.7045,"['friendly staff', 'location', 'clean rooms', 'food', 'comfortable']",['small rooms'],11
AVwc800dByjofQCxj9NN,Red Roof Inn Phoenix North - Bell Road,Phoenix,2.3333,0.3333,[],['expensive'],3
AVwc83FykufWRAb50v4c,Bluewater Inn And Suites,Grand Haven,5.0,1.0,"['clean rooms', 'friendly staff', 'location', 'view']",[],1
AVwc86f6IN2L1WUfqrX4,Diamond Inn,Inglewood,5.0,1.0,"['clean rooms', 'location']",[],1
AVwc8ZYIByjofQCxj4ti,Extended Stay America Charlotte - Pineville - Pineville Matthews Rd.,Charlotte,4.0,0.75,"['friendly staff', 'comfortable', 'value']",[],1
AVwc8iv1_7pvs4fz0pPO,Hotel Stebbins,Algoma,5.0,1.0,"['location', 'friendly staff', 'comfortable', 'food']",[],2
AVwc8kL0IN2L1WUfqno4,Best Western Premier Energy Corridor,Katy,5.0,1.0,"['clean rooms', 'friendly staff', 'comfortable', 'food', 'location']",[],4
AVwc8lRTIN2L1WUfqn1u,Innkeeper Danville West,Danville,5.0,1.0,"['clean rooms', 'friendly staff', 'comfortable']",[],1
AVwc8morkufWRAb50tS8,Clarion Hotel Anaheim Resort,Anaheim,2.2222,0.3056,"['clean rooms', 'friendly staff']","['cleanliness', 'broken', 'rude staff', 'noisy rooms', 'small rooms', 'slow wifi']",9
AVwc8rOXByjofQCxj7p9,Ramada-ankeny,Ankeny,4.0,0.75,"['clean rooms', 'friendly staff', 'food', 'location', 'comfortable']",['broken'],2
AVwc8zcmkufWRAb50vRJ,Maple Leaf Motel,Charlevoix,4.5,0.875,['clean rooms'],['expensive'],2
AVwc9-5r_7pvs4fz0300,Hampton Inn Potomac Mills/Woodbridge,Woodbridge,4.2,0.8,"['clean rooms', 'friendly staff', 'comfortable', 'food']",[],5
AVwc9057IN2L1WUfq0Vf,The Inn At Virginia Tech And Skelton Conference Center,Blacksburg,4.1429,0.7857,"['friendly staff', 'comfortable', 'food', 'location', 'clean rooms']",[],7
AVwc93g4_7pvs4fz02fD,The Villa Toscana,Chicago,4.6667,0.9167,"['location', 'comfortable', 'friendly staff', 'value', 'clean rooms']",['small rooms'],3
AVwc95mPByjofQCxkH5E,Klondike Motel,Republic,5.0,1.0,[],[],1
AVwc99vI_7pvs4fz03nG,Home2 Suites By Hilton Gainesville,Gainesville,5.0,1.0,"['comfortable', 'clean rooms', 'location', 'friendly staff', 'food', 'value']",[],4
AVwc9CkdIN2L1WUfqsfz,Motel 6 Mason,Mason,2.5714,0.3929,"['friendly staff', 'good wifi', 'location', 'comfortable', 'value']","['slow wifi', 'cleanliness']",7
AVwc9DlEIN2L1WUfqsqL,Waterfront Place Hotel,Morgantown,4.0,0.75,"['friendly staff', 'clean rooms', 'food', 'comfortable', 'location', 'view']","['broken', 'rude staff']",8
AVwc9KMbByjofQCxkAXG,Americas Best Value Inn Suites,Pinckneyville,3.0,0.5,[],[],1
AVwc9Ma4kufWRAb50y2U,Kimberling Oaks Resort,Kimberling City,5.0,1.0,[],[],1
AVwc9QJoIN2L1WUfquoG,Mohican Motel,Cooperstown,3.0,0.5,[],['expensive'],1
AVwc9SLq_7pvs4fz0we5,Aloft Buffalo Airport,Buffalo,4.4,0.85,"['friendly staff', 'clean rooms', 'location']",['small rooms'],5
AVwc9Ud7IN2L1WUfqvWG,Imperial Waters,Old Orchard Beach,5.0,1.0,[],[],1
AVwc9X2oByjofQCxkCpx,Comfort Suites,Amarillo,4.5,0.875,"['comfortable', 'friendly staff', 'food']",[],2
AVwc9_IUByjofQCxkI2N,Fairfield Inn Great Falls,Great Falls,4.25,0.8125,"['clean rooms', 'friendly staff', 'comfortable', 'food', 'value', 'location']",[],4
AVwc9__JkufWRAb507S0,Drury Inn & Suites Charlotte Northlake,Charlotte,4.76,0.94,"['friendly staff', 'food', 'clean rooms', 'location', 'comfortable', 'value']","['slow wifi', 'broken']",25
AVwc9dgR_7pvs4fz0yTg,Best Western Mulberry Hotel,Mulberry,4.0,0.75,"['clean rooms', 'friendly staff']",[],2
AVwc9lJ6IN2L1WUfqyHr,Holiday Inn Express & Suites Baton Rouge East,Baton Rouge,5.0,1.0,"['friendly staff', 'food']",[],1
AVwc9s5wkufWRAb504CD,Relax Inn Altoona,Altoona,2.0,0.25,[],['broken'],1
AVwc9xRPByjofQCxkGiH,Economy Inn,Tulsa,1.0,0.0,[],['cleanliness'],1
AVwc_AL3kufWRAb51Fs_,Olivia's Bridge Street Inn,New Hope,4.5,0.875,"['clean rooms', 'location', 'food', 'friendly staff', 'comfortable']",[],2
AVwc_AdeIN2L1WUfrAQc,Sleep Inn Suites Harbour Pointe,Midlothian,4.5,0.875,"['friendly staff', 'comfortable', 'food', 'clean rooms', 'location', 'value']",[],2
AVwc_G8N_7pvs4fz1Drf,Motel 6 Scottsdale,Scottsdale,4.0,0.75,"['location', 'food']",[],1
AVwc_NK1kufWRAb51Hzf,Comfort Suites East Broad At 270,Columbus,4.75,0.9375,"['clean rooms', 'friendly staff', 'location', 'comfortable', 'food', 'value']",['noisy rooms'],8
AVwc_Ok-IN2L1WUfrCnK,Walkabout Beach Resort,Hollywood,4.5,0.875,"['clean rooms', 'comfortable', 'friendly staff', 'location']",[],2
AVwc_Or5ByjofQCxkVYc,Fieldhouse Inn,Kenedy,5.0,1.0,['friendly staff'],[],1
AVwc_YIF_7pvs4fz1Gha,Super 8-wytheville,Wytheville,3.0,0.5,"['friendly staff', 'location', 'value']",['cleanliness'],2
AVwc_ZPqByjofQCxkXMO,Brentwood Lodging,Indian River,4.0,0.75,"['clean rooms', 'friendly staff', 'comfortable']",['cleanliness'],1
AVwc_auAkufWRAb51KG0,Quality Inn & Suites Nj State Capital Area,Morrisville,3.6,0.65,['friendly staff'],['cleanliness'],5
AVwc_cfckufWRAb51KWR,Radisson Hotel-Portland Airport,Portland,4.5,0.875,"['location', 'friendly staff', 'food', 'comfortable', 'clean rooms', 'value']",[],6
AVwc_g7-ByjofQCxkYTs,"The Press Hotel, Autograph Collection",Portland,5.0,1.0,"['friendly staff', 'location', 'comfortable', 'food', 'clean rooms', 'good wifi']",[],5
AVwc_h_W_7pvs4fz1IFB,Sleep Inn Suites,Douglas,5.0,1.0,"['friendly staff', 'location', 'comfortable']",[],1
AVwc_jrNkufWRAb51LnF,Motel 6,Rohnert Park,1.0,0.0,[],[],1
AVwc_oDC_7pvs4fz1JSv,Extended Stay America Destin - US 98 - Emerald Coast Pkwy.,Destin,4.5,0.875,"['clean rooms', 'friendly staff', 'food']",[],2
AVwc_pMmkufWRAb51Mpq,Super 8 Midland,Midland,5.0,1.0,"['clean rooms', 'friendly staff', 'comfortable']",[],1
AVwc_rwDByjofQCxkaXN,Hilton Garden Inn Yuma Pivot Point,Yuma,4.0,0.75,"['friendly staff', 'clean rooms', 'comfortable', 'location', 'food', 'value']","['small rooms', 'noisy rooms']",4
AVwc_sPfByjofQCxkadY,Comfort Inn,Limon,4.0,0.75,"['friendly staff', 'comfortable', 'food', 'clean rooms']",['noisy rooms'],2
AVwc_xwyByjofQCxkbaP,Hampton Inn & Suites Coeur d'Alene,Coeur d'Alene,5.0,1.0,['location'],[],1
AVwce-UYkufWRAb5voYL,Hampton Inn Champaign Urbana,Urbana,5.0,1.0,"['location', 'comfortable', 'food']",[],2
AVwce-r0ByjofQCxevYU,Galt House Hotel,Louisville,3.9545,0.7386,"['location', 'food', 'friendly staff', 'comfortable', 'clean rooms', 'view']","['broken', 'noisy rooms', 'expensive']",22
AVwce0-QByjofQCxetpl,Radisson Hotel Valley Forge,King of Prussia,5.0,1.0,"['food', 'clean rooms', 'comfortable']",[],2
AVwce2Mi_7pvs4fzvh1U,Fairfield Inn and Suites North Platte,North Platte,3.0,0.5,[],['noisy rooms'],1
AVwce3U7IN2L1WUflbDh,The Chateau Motel,Panama City Beach,2.6667,0.4167,"['clean rooms', 'location', 'view', 'value', 'friendly staff']","['rude staff', 'cleanliness', 'expensive']",9
AVwce3a1ByjofQCxeuE8,Best Western Ambassador Inn & Suites,Wisconsin Dells,4.3636,0.8409,"['food', 'friendly staff', 'clean rooms', 'comfortable', 'location', 'value']",['rude staff'],11
AVwcet5XIN2L1WUflZh9,Inn At San Luis Obispo,San Luis Obispo,4.25,0.8125,"['friendly staff', 'clean rooms', 'comfortable', 'food']",['noisy rooms'],4
AVwcez7uIN2L1WUflaaT,Ramada Medford Hotel And Conference Center,Medford,3.2222,0.5556,"['clean rooms', 'friendly staff', 'location', 'food']",['broken'],9
AVwcf0op_7pvs4fzvtqM,Orlando Continental Plaza Hotel,Orlando,1.0,0.0,[],[],1
AVwcf14lByjofQCxe5Er,Motel 6 Norfolk,Norfolk,3.0,0.5,"['friendly staff', 'comfortable', 'value']",['broken'],2
AVwcf7HXkufWRAb5vz24,Hotel Manor,Slate Run,5.0,1.0,['view'],[],1
AVwcfA0EkufWRAb5vo3B,Extended Stay America Washington D.C. - Fairfax,Fairfax,4.0,0.75,"['clean rooms', 'comfortable', 'value']",['cleanliness'],2
AVwcfADZIN2L1WUflcq2,DoubleTree by Hilton Golf Resort San Diego,San Diego,3.0,0.5,[],['small rooms'],2
AVwcfFGw_7pvs4fzvk4S,Fairmont Grand Del Mar,San Diego,4.875,0.9688,"['friendly staff', 'comfortable', 'food', 'location', 'value', 'view']",[],16
AVwcfSa0_7pvs4fzvnWr,Hampton Inn Newark-Airport,Elizabeth,3.4286,0.6071,"['friendly staff', 'location', 'food', 'comfortable', 'good wifi']","['noisy rooms', 'slow wifi']",7
AVwcfTze_7pvs4fzvnrH,Crossland Economy Studios Salem - North,Salem,1.0,0.0,[],"['cleanliness', 'rude staff']",1
AVwcfVPF_7pvs4fzvn9R,"Jensen's ""On the Gulf""",Captiva,4.6667,0.9167,"['comfortable', 'friendly staff', 'location']","['small rooms', 'broken']",3
AVwcfg8-kufWRAb5vvJX,Heritage Court Motel,Thorp,1.0,0.0,[],['cleanliness'],1
AVwcfjQHByjofQCxe2Gz,Hampton Inn Brentwood,Brentwood,4.25,0.8125,"['clean rooms', 'friendly staff']","['noisy rooms', 'broken']",4
AVwcfpZdIN2L1WUflkHt,Orange Motel,Clearwater,4.5,0.875,"['clean rooms', 'friendly staff', 'comfortable', 'view']",[],2
AVwcfuFeByjofQCxe31C,SpringHill Suites Coeur d'Alene,Coeur d'Alene,5.0,1.0,"['friendly staff', 'clean rooms', 'comfortable', 'location', 'food']",[],3
AVwcfwU6IN2L1WUfllJS,Best Western Tree City Inn,McMinnville,5.0,1.0,[],[],1
AVwcfx4KByjofQCxe4YR,West Street Hotel,Bar Harbor,4.8,0.95,"['friendly staff', 'view', 'clean rooms', 'location', 'food', 'comfortable']",[],5
AVwcfxRIIN2L1WUfllQe,Econo Lodge,Thomson,5.0,1.0,['friendly staff'],[],1
AVwcg3N2_7pvs4fzv5ft,Wildflower Inn,Sedona,4.5,0.875,"['friendly staff', 'comfortable', 'food', 'clean rooms', 'view', 'location']",[],4
AVwcg3rXkufWRAb5v-bM,Eden Roc Inn & Suites,Anaheim,4.0,0.75,"['location', 'clean rooms', 'comfortable', 'food', 'friendly staff']",['noisy rooms'],9
AVwcg8X-_7pvs4fzv6c4,Mountain View Hotel,Killdeer,3.0,0.5,[],"['cleanliness', 'broken', 'rude staff']",2
AVwcgAGx_7pvs4fzvvsE,Motel Del Rogue,Grants Pass,4.0,0.75,"['friendly staff', 'comfortable']",[],2
AVwcgD5KIN2L1WUfloPj,Fairfield Inn & Suites Spokane Downtown,Spokane,4.3636,0.8409,"['location', 'friendly staff', 'clean rooms', 'food', 'comfortable']",[],11
AVwcgF6_kufWRAb5v1hE,Kangaroo Lake Resort,Baileys Harbor,5.0,1.0,"['clean rooms', 'friendly staff']",[],1
AVwcgJuLByjofQCxe8Af,Hampton Inn Atlanta-cumberland Mall/nw,Atlanta,4.0,0.75,"['friendly staff', 'location', 'clean rooms', 'comfortable']",['small rooms'],7
AVwcgNXgByjofQCxe8mD,Holiday Inn Express Marietta - Atlanta Northwest,Marietta,2.3333,0.3333,[],['noisy rooms'],3
AVwcgQ2mkufWRAb5v3Yr,Comfort Inn Evansville-Casper,Evansville,4.4286,0.8571,"['comfortable', 'food', 'friendly staff', 'location', 'clean rooms', 'value']",[],7
AVwcgR2jIN2L1WUflqcV,The INN at Europa Village,Temecula,5.0,1.0,"['comfortable', 'friendly staff', 'clean rooms', 'view', 'food']",[],5
AVwcgS0L_7pvs4fzvyzi,Flamingo Suites,Tucson,1.0,0.0,[],['cleanliness'],1
AVwcg_FA_7pvs4fzv699,Quality Inn Suites,Butte,4.25,0.8125,"['friendly staff', 'clean rooms', 'location', 'comfortable', 'food']",[],4
AVwcgawiByjofQCxe_BJ,Miles City Hotel Suites,Miles City,4.5,0.875,"['clean rooms', 'friendly staff', 'food', 'location', 'value', 'comfortable']",[],4
AVwcgfJGIN2L1WUflsx-,"Red Roof Plus+ Washington, DC - Alexandria",Alexandria,3.8571,0.7143,"['clean rooms', 'friendly staff', 'comfortable', 'value']","['small rooms', 'cleanliness']",7
AVwcglyFByjofQCxfA1m,Microtel Inn & Suites Orlando (Universal Studios),Orlando,3.3333,0.5833,"['food', 'location', 'comfortable', 'value', 'good wifi', 'friendly staff']","['broken', 'cleanliness', 'slow wifi', 'rude staff', 'small rooms']",15
AVwcgoceIN2L1WUfluZ2,Hampton Inn Suites Dallas-Arlington North-Entertainment District,Arlington,4.3333,0.8333,"['clean rooms', 'friendly staff', 'food']",[],3
AVwcgpWv_7pvs4fzv2_k,Braidwood Motel,Braidwood,5.0,1.0,"['clean rooms', 'comfortable']",[],1
AVwcgs6YByjofQCxfCA0,Best Western Tomah Hotel,Tomah,4.4286,0.8571,"['friendly staff', 'clean rooms', 'comfortable', 'food', 'location']",[],7
AVwcgshl_7pvs4fzv3ge,Hyatt House Seattle/Downtown,Seattle,4.28,0.82,"['location', 'friendly staff', 'food', 'comfortable', 'clean rooms', 'view']","['small rooms', 'broken', 'noisy rooms', 'slow wifi']",50
AVwcgvkEkufWRAb5v9BO,Super 8 St Cloud,Saint Cloud,1.0,0.0,[],[],1
AVwch0HqIN2L1WUfl72L,Coral Beach Resort and Suites,Myrtle Beach,4.0,0.75,['value'],['small rooms'],1
AVwch1yXByjofQCxfPO7,Red Cedar Lodge,Bonne Terre,1.0,0.0,[],[],2
AVwch2Y8ByjofQCxfPWJ,Stage Stop Hotel,Springfield,3.0,0.5,[],['broken'],1
AVwch8UZ_7pvs4fzwG7j,Holiday Inn Express & Suites Carpinteria,Carpinteria,4.0,0.75,"['comfortable', 'food', 'clean rooms']",[],4
AVwchAIHIN2L1WUflybT,Best Western Plus Inn at Valley View,Roanoke,4.6,0.9,"['friendly staff', 'clean rooms', 'food', 'comfortable', 'location']",['rude staff'],5
AVwchCBeIN2L1WUflyzh,Microtel Inn Suites by Wyndham Marietta,Marietta,4.4286,0.8571,"['friendly staff', 'clean rooms', 'location', 'food', 'comfortable', 'value']",[],7
AVwchMRI_7pvs4fzv9ZQ,Park Vue Inn,Anaheim,4.2,0.8,"['food', 'friendly staff', 'location', 'clean rooms', 'comfortable']",[],5
AVwchPmqIN2L1WUfl1Ba,Holiday Inn Express Suites Denver Sw-Littleton,Littleton,4.0,0.75,"['location', 'view', 'food']",[],1
AVwchQgvByjofQCxfIJY,Yakutat Lodge,Yakutat,5.0,1.0,"['clean rooms', 'friendly staff', 'food']",[],1
AVwchQut_7pvs4fzv-NP,Hyatt Place Charlotte Airport/lake Pointe,Charlotte,5.0,1.0,['clean rooms'],[],2
AVwchXZykufWRAb5wEPG,Robert Frost Mountain Cabins,Ripton,5.0,1.0,[],[],1
AVwchXuuByjofQCxfJcS,Tawas Bay Beach Resort,East Tawas,4.0,0.75,"['friendly staff', 'location']",[],1
AVwchf6wIN2L1WUfl4Ez,Warwick Seattle Hotel,Seattle,3.5,0.625,"['location', 'friendly staff', 'comfortable', 'clean rooms', 'view', 'good wifi']","['slow wifi', 'noisy rooms']",8
AVwchkDGByjofQCxfL3V,Holiday Inn Express & Suites Frankenmuth,Frankenmuth,5.0,1.0,"['location', 'clean rooms', 'friendly staff', 'comfortable']",[],2
AVwchmWlByjofQCxfMRl,Red Roof Inn Cleveland-medina,Medina,3.0,0.5,['friendly staff'],[],5
AVwcholOkufWRAb5wHvY,Best Western War Bonnet Inn,Miles City,4.3333,0.8333,"['comfortable', 'clean rooms', 'food', 'friendly staff', 'location']",['broken'],3
AVwchrgQ_7pvs4fzwDjw,Howard Johnson Express Inn-beckley,Beckley,3.0,0.5,"['clean rooms', 'comfortable']",['noisy rooms'],3
AVwchtJ-_7pvs4fzwD7Q,Rodeway Inn,Watertown,2.0,0.25,[],[],1
AVwci4LJIN2L1WUfmI3N,Teal Point Resort,Mountain Home,5.0,1.0,"['clean rooms', 'location', 'view']",[],1
AVwci6DKByjofQCxfcTl,Lincoln Plaza Hotel,Monterey Park,2.5714,0.3929,"['food', 'value']","['small rooms', 'cleanliness']",7
AVwci7u9kufWRAb5wW_w,Indian Trail Motel,Wisconsin Dells,5.0,1.0,"['location', 'clean rooms', 'comfortable']",[],2
AVwciAExIN2L1WUfl980,Travelodge-beckley,Beckley,3.0,0.5,[],['small rooms'],2
AVwciAfv_7pvs4fzwHfE,Best Western Hilliard Inn Suites,Hilliard,2.5,0.375,[],['cleanliness'],2
AVwciNfNByjofQCxfT0U,Residence Inn By Marriott Las Vegas South,Las Vegas,4.8,0.95,"['friendly staff', 'location', 'clean rooms', 'food', 'comfortable']",[],5
AVwciRDBByjofQCxfUj4,Christy's Motel,Old Forge,4.3333,0.8333,"['clean rooms', 'friendly staff', 'location', 'comfortable', 'food']",['broken'],6
AVwciVr4kufWRAb5wQRk,Hampton Inn Lacrosse/Onalaska,Onalaska,4.3333,0.8333,"['friendly staff', 'location', 'food', 'clean rooms']",['expensive'],3
AVwciXwCkufWRAb5wQoY,Holiday Inn Express & Suites Helena,Helena,5.0,1.0,"['clean rooms', 'friendly staff', 'comfortable', 'food']",[],1
AVwciZhBIN2L1WUfmDDB,Rodeway Inn Oceanview,Atlantic City,2.0,0.25,"['clean rooms', 'comfortable', 'food']",['small rooms'],5
AVwciZq-IN2L1WUfmDEw,Quality Inn Suites,Richmond,2.6,0.4,"['clean rooms', 'location', 'comfortable']","['cleanliness', 'small rooms', 'broken']",5
AVwci_qUIN2L1WUfmKNQ,Hampton Inn Oxford-West,Oxford,4.6,0.9,"['friendly staff', 'location', 'food', 'clean rooms', 'comfortable', 'good wifi']","['cleanliness', 'expensive']",5
AVwciaxnIN2L1WUfmDRr,Baker's Sunset Bay Resort,Wisconsin Dells,4.4667,0.8667,"['friendly staff', 'clean rooms', 'location', 'comfortable', 'view', 'value']","['expensive', 'slow wifi']",15
AVwcih3fIN2L1WUfmEkG,Quality Inn,Raton,4.0,0.75,[],[],1
AVwcihNvkufWRAb5wSQO,Hampton Inn-athens,Athens,4.4,0.85,"['friendly staff', 'location', 'clean rooms']",['cleanliness'],5
AVwcinryIN2L1WUfmFw3,King Charles Inn,Charleston,4.6,0.9,"['friendly staff', 'location', 'food', 'clean rooms', 'comfortable', 'value']","['small rooms', 'noisy rooms', 'cleanliness']",25
AVwcioGEIN2L1WUfmF2z,Americas Best Value Inn - Executive Suite Airport,Anchorage,2.6,0.4,"['friendly staff', 'comfortable', 'clean rooms', 'food']","['cleanliness', 'slow wifi']",10
AVwcipE1IN2L1WUfmGE1,Budget Inn,Perrysburg,4.0,0.75,"['clean rooms', 'friendly staff', 'comfortable', 'value']",['small rooms'],1
AVwciurW_7pvs4fzwQAa,Garrison Inn,Newburyport,3.0,0.5,[],['small rooms'],1
AVwciv35kufWRAb5wU6P,Motel 6 Lafayette - University Ave,Lafayette,1.0,0.0,[],['noisy rooms'],1
AVwciw7-_7pvs4fzwQfp,Holiday Inn Express & Suites Bethlehem,Bethlehem,4.2857,0.8214,"['friendly staff', 'food', 'clean rooms', 'comfortable', 'location', 'value']",['noisy rooms'],7
AVwciwtb_7pvs4fzwQbk,Le Meridien Atlanta Perimeter,Atlanta,4.2727,0.8182,"['friendly staff', 'clean rooms', 'food', 'good wifi', 'comfortable', 'location']",['slow wifi'],11
AVwcizCGByjofQCxfbBv,Hilton Garden Inn Nashville Brentwood,Brentwood,5.0,1.0,"['clean rooms', 'friendly staff', 'location', 'food']",[],1
AVwcj-WOByjofQCxfpI1,Wyndham Garden-amarillo,Amarillo,1.5,0.125,[],['broken'],2
AVwcj0Z7IN2L1WUfmUIt,Ocean Sands Resort,Virginia Beach,3.8,0.7,"['view', 'friendly staff', 'location', 'food']",['noisy rooms'],5
AVwcj3bZIN2L1WUfmUrW,Best Western Cooper's Mill Hotel,Cedar Rapids,4.25,0.8125,"['clean rooms', 'friendly staff', 'location', 'food', 'good wifi']","['cleanliness', 'small rooms']",8
AVwcj6G_kufWRAb5wiCP,Quality Inn Suites Conference Center,Erie,4.0,0.75,"['clean rooms', 'location', 'food']",[],1
AVwcj90pByjofQCxfpCx,Barn Motor Inn,Prosser,2.0,0.25,[],['noisy rooms'],3
AVwcjA-mByjofQCxfdji,SpringHill Suites Atlanta Buckhead,Atlanta,4.0,0.75,"['friendly staff', 'location', 'comfortable', 'food']",[],2
AVwcjB0S_7pvs4fzwTam,Granby Motel,Granby,1.0,0.0,[],[],1
AVwcjLxGkufWRAb5wZ24,Hilton Garden Inn Kankakee,Kankakee,4.4286,0.8571,"['friendly staff', 'clean rooms', 'food', 'comfortable', 'location', 'value']","['expensive', 'broken']",7
AVwcjPyAByjofQCxfgZd,Best Western Dutch Valley Inn,New Philadelphia,4.75,0.9375,"['food', 'friendly staff', 'value', 'clean rooms', 'comfortable']",[],4
AVwcjWXGByjofQCxfhsx,Working Girls Hotel,Pendleton,5.0,1.0,"['clean rooms', 'value']",[],1
AVwcjX8oByjofQCxfiAS,La Quinta Inn Suites Warner Robins - Robins AFB,Warner Robins,4.4,0.85,"['friendly staff', 'food', 'clean rooms', 'comfortable', 'location']",[],5
AVwcjZFVByjofQCxfiPJ,MainStay Suites,Coralville,5.0,1.0,"['friendly staff', 'clean rooms', 'comfortable', 'food']",[],2
AVwcjZpiByjofQCxfiVN,Americas Best Value Inn-rialto,Rialto,1.0,0.0,[],['cleanliness'],1
AVwcjhtQ_7pvs4fzwZNe,Quality Inn Suites,Dublin,2.0,0.25,[],[],2
AVwcjj8mkufWRAb5wePc,Best Western Plus Tupelo Inn & Suites,Tupelo,4.6,0.9,"['clean rooms', 'comfortable', 'food', 'friendly staff', 'location']",['small rooms'],5
AVwcjlX_IN2L1WUfmRe8,Flamingo Inn Rosemead,Rosemead,4.0,0.75,"['clean rooms', 'friendly staff']",[],1
AVwcjnE8kufWRAb5we1x,Econo Lodge,Creedmoor,5.0,1.0,"['clean rooms', 'friendly staff', 'good wifi']",[],1
AVwcjsLnByjofQCxfl0D,Hampton Inn & Suites St Louis at Forest Park,Saint Louis,5.0,1.0,"['friendly staff', 'location', 'food', 'clean rooms', 'comfortable']",[],10
AVwcjuNpIN2L1WUfmTHV,The Armstrong Hotel,Fort Collins,4.75,0.9375,"['view', 'food', 'friendly staff', 'location', 'value', 'clean rooms']","['noisy rooms', 'small rooms', 'broken']",4
AVwck-4bkufWRAb5wuG9,Holiday Inn Express Suites Fort Worth Downtown,Fort Worth,5.0,1.0,"['clean rooms', 'friendly staff', 'food']",[],1
AVwck0XQkufWRAb5wsZD,Ramada Hialeah Miami Airport,Hialeah,2.1667,0.2917,"['comfortable', 'value']","['cleanliness', 'rude staff', 'noisy rooms', 'slow wifi']",6
AVwck5pr_7pvs4fzwoq8,Hyatt Regency Orlando International Airport,Orlando,5.0,1.0,['clean rooms'],[],1
AVwck7qk_7pvs4fzwpBz,Avalon Hotel & Conference Center,Erie,2.8333,0.4583,"['friendly staff', 'food', 'comfortable', 'value']",[],6
AVwck98sIN2L1WUfmh97,Days Inn Columbus East,Reynoldsburg,4.5,0.875,"['location', 'clean rooms', 'friendly staff', 'value']",[],2
AVwckBNxByjofQCxfprT,Holiday Inn Express & Suites Columbus Univ Area - Osu,Columbus,5.0,1.0,"['friendly staff', 'food']",[],1
AVwckL-d_7pvs4fzwg58,The Carneros Inn,Napa,5.0,1.0,"['food', 'friendly staff', 'location', 'value', 'view']",[],10
AVwckMrdkufWRAb5wllt,Arizona Inn Suites,Yuma,5.0,1.0,"['clean rooms', 'value']",[],1
AVwckPqFkufWRAb5wmD2,Rodeway Inn Suites Downtowner-Rte 66,Williams,4.1667,0.7917,"['clean rooms', 'location', 'comfortable', 'friendly staff', 'food']","['broken', 'noisy rooms', 'small rooms']",6
AVwckX0nIN2L1WUfma_S,Rodeway Inn,Claremont,1.0,0.0,[],['rude staff'],1
AVwckZspkufWRAb5wns9,W Los Angeles - West Beverly Hills,Los Angeles,3.0,0.5,[],"['slow wifi', 'noisy rooms']",1
AVwck_Q7kufWRAb5wuLy,Best Western Plus Sikeston,Sikeston,4.75,0.9375,"['food', 'friendly staff', 'comfortable', 'clean rooms', 'location']",[],4
AVwckhgvIN2L1WUfmcyZ,Comfort Suites Redmond Airport,Redmond,4.5,0.875,"['friendly staff', 'food', 'clean rooms']","['small rooms', 'rude staff']",4
AVwckmGrByjofQCxfwut,Rodeway Inn San Diego Near Qualcomm Stadium,San Diego,3.0,0.5,"['friendly staff', 'clean rooms', 'comfortable', 'food']",[],4
AVwcknX-kufWRAb5wqI-,Alpine Inn,Rockford,4.0,0.75,"['food', 'clean rooms', 'friendly staff', 'value', 'comfortable']",[],3
AVwckpvX_7pvs4fzwl_a,Brown Hotel,Indiana,4.0,0.75,['friendly staff'],['small rooms'],2
AVwckrzgIN2L1WUfmej7,The Cedars Motel,Saint Ignace,5.0,1.0,"['clean rooms', 'friendly staff']",[],1
AVwcksZ9kufWRAb5wq5b,Super 8 Alton,Alton,2.8571,0.4643,[],[],7
AVwckt0akufWRAb5wrON,Bardessono,Yountville,5.0,1.0,"['friendly staff', 'location', 'food', 'comfortable']",[],6
AVwckxAEkufWRAb5wr0H,Courtyard Sunnyvale Mountain View,Sunnyvale,5.0,1.0,"['clean rooms', 'friendly staff', 'comfortable', 'value']",[],1
AVwcl2Qh_7pvs4fzwzs6,The Winnfield Lodge,Winnfield,1.0,0.0,[],[],1
AVwcl6UkByjofQCxgAid,Rodeway Inn,Bozeman,2.0,0.25,[],[],1
AVwcl7j8kufWRAb5w5Fr,Cannon Mountain View Motel,Franconia,2.3333,0.3333,"['clean rooms', 'location', 'comfortable', 'food', 'value']",['cleanliness'],3
AVwclAQx_7pvs4fzwp8i,Ace Hotel New Orleans,New Orleans,3.3333,0.5833,"['friendly staff', 'food']",[],3
AVwclAvFIN2L1WUfmiiz,Hotel Maya - a DoubleTree by Hilton Hotel,Long Beach,4.24,0.81,"['friendly staff', 'food', 'view', 'location', 'comfortable', 'clean rooms']","['noisy rooms', 'expensive', 'small rooms', 'slow wifi', 'rude staff']",25
AVwclDt2ByjofQCxf2MW,Deer Trail Motel,Wisconsin Dells,5.0,1.0,"['clean rooms', 'friendly staff']",[],1
AVwclFGAkufWRAb5wvQ2,Americas Best Value Inn-corpus Christi North/airport,Corpus Christi,2.0,0.25,[],"['cleanliness', 'broken']",2
AVwclMBaByjofQCxf3th,Holiday Inn Express & Suites Sioux Falls At Empire Mall,Sioux Falls,4.8,0.95,"['value', 'comfortable', 'food']",[],5
AVwclYVOByjofQCxf6Ax,Econo Lodge Inn Suites,Greenville,1.0,0.0,[],['cleanliness'],1
AVwclZB0kufWRAb5wyv2,Best Western Plus Glenview-Chicagoland Inn Suites,Glenview,4.7143,0.9286,"['friendly staff', 'location', 'clean rooms', 'comfortable', 'food', 'value']",['noisy rooms'],7
AVwcle8gIN2L1WUfmoHH,PVC at The Roundhouse Resort,Pinetop,4.6667,0.9167,"['comfortable', 'clean rooms', 'friendly staff']",[],3
AVwclgmkkufWRAb5w0B4,"Country Inn Suites By Carlson, Princeton, WV",Princeton,3.6667,0.6667,"['clean rooms', 'food', 'comfortable']","['noisy rooms', 'broken']",3
AVwclijmByjofQCxf72Q,Motel 6-albert Lea,Albert Lea,2.3333,0.3333,"['location', 'good wifi']","['noisy rooms', 'broken']",6
AVwclkvmByjofQCxf8Ra,Relax Inn,Martinsburg,1.0,0.0,[],"['cleanliness', 'broken', 'rude staff']",1
AVwclpVE_7pvs4fzwxJy,Hampton Inn Suites Fort Myers-Colonial Blvd.,Fort Myers,4.9375,0.9844,"['friendly staff', 'clean rooms', 'location', 'food', 'comfortable', 'value']",[],16
AVwclphkIN2L1WUfmqLw,Ojai Rancho Inn,Ojai,5.0,1.0,"['friendly staff', 'comfortable']",[],1
AVwclqdmByjofQCxf9da,Holiday Inn Express & Suites Amarillo West,Amarillo,4.7143,0.9286,"['clean rooms', 'comfortable', 'friendly staff', 'food', 'location']",['small rooms'],7
AVwclzm4IN2L1WUfmsNN,Quality Inn Suites,Walla Walla,4.0,0.75,"['clean rooms', 'friendly staff', 'comfortable', 'food']","['slow wifi', 'noisy rooms']",2
AVwcm2cTIN2L1WUfm4Rj,"Quality Hotel & Suites ""At The Falls""",Niagara Falls,2.25,0.3125,"['clean rooms', 'friendly staff', 'location', 'comfortable', 'view']","['rude staff', 'slow wifi', 'small rooms']",4
AVwcm8BqByjofQCxgMNw,Holiday Inn Express Ramsey-Mahwah,Ramsey,3.5,0.625,"['clean rooms', 'friendly staff', 'comfortable', 'food']",['broken'],2
AVwcmA4lIN2L1WUfmuqr,The Park On Main Hotel,Highlands,5.0,1.0,['friendly staff'],[],1
AVwcmSKR_7pvs4fzw4Vf,The St. Regis Atlanta,Atlanta,5.0,1.0,"['friendly staff', 'location', 'comfortable', 'food', 'view', 'value']",[],7
AVwcmYpakufWRAb5w-F7,Lyttleton Inn,Littleton,5.0,1.0,"['friendly staff', 'comfortable', 'food', 'good wifi']",[],3
AVwcmcqPkufWRAb5w-y1,Holiday Inn Express Charleston Dwtn - Ashley River,Charleston,4.125,0.7812,"['friendly staff', 'location', 'food', 'clean rooms', 'good wifi', 'comfortable']","['noisy rooms', 'slow wifi', 'broken', 'cleanliness', 'small rooms']",40
AVwcmlR1IN2L1WUfm1GE,Cloverleaf Residence Suites,Dublin,4.0,0.75,[],[],1
AVwcmpdjkufWRAb5xBI5,Chateau Mar Beach Resort,Ormond Beach,3.0,0.5,[],[],1
AVwcmt3Q_7pvs4fzw9it,Hyatt House Parsippany/Whippany,Whippany,5.0,1.0,"['clean rooms', 'friendly staff', 'comfortable']",[],2
AVwcmxTz_7pvs4fzw-Ld,Jameson Inn - Perry,Perry,4.0,0.75,"['clean rooms', 'location', 'comfortable', 'food', 'value']",[],1
AVwcmz3OByjofQCxgKyJ,Hampton Inn & Suites Newport/Middletown,Middletown,4.6,0.9,"['friendly staff', 'clean rooms', 'food', 'location', 'comfortable']","['slow wifi', 'noisy rooms']",5
AVwcn1skkufWRAb5xPIF,Park 75 Lounge and Terrace,Atlanta,4.4,0.85,"['friendly staff', 'location', 'food', 'view', 'clean rooms', 'comfortable']",[],5
AVwcn396ByjofQCxgWuk,French Quarter Suites Hotel,New Orleans,3.5714,0.6429,"['clean rooms', 'friendly staff', 'location', 'food', 'value', 'comfortable']","['cleanliness', 'slow wifi', 'small rooms', 'broken', 'rude staff']",7
AVwcn4vw_7pvs4fzxLJj,Western Hills Motel,Flagstaff,2.0,0.25,[],['broken'],1
AVwcnCNK_7pvs4fzxBVL,Best Western Dayton,Dayton,4.0,0.75,"['friendly staff', 'clean rooms', 'comfortable', 'location', 'food', 'good wifi']","['slow wifi', 'noisy rooms']",6
AVwcnLrgIN2L1WUfm8Ag,Fairfield Inn Philadelphia Airport,Philadelphia,4.2,0.8,"['friendly staff', 'location', 'clean rooms', 'food', 'comfortable']",['small rooms'],5
AVwcnNDb_7pvs4fzxDju,Holiday Inn Express & Suites Newport South,Newport,3.5,0.625,[],['expensive'],2
AVwcnNKA_7pvs4fzxDks,Holiday Inn Express Portland Se - Clackamas Area,Gladstone,3.4,0.6,"['food', 'friendly staff']",['noisy rooms'],5
AVwcnURaIN2L1WUfm9M5,New Victorian Inn Suites Sioux City,Sioux City,4.5,0.875,"['clean rooms', 'food', 'location', 'comfortable', 'friendly staff']",[],2
AVwcn_UuIN2L1WUfnE9z,Arizona Mountain Inn & Cabins,Flagstaff,4.4,0.85,"['comfortable', 'location', 'food', 'friendly staff']",['expensive'],5
AVwcn_gs_7pvs4fzxMRD,Maxwell Hotel,Seattle,4.4762,0.869,"['location', 'friendly staff', 'comfortable', 'clean rooms', 'food', 'value']",['small rooms'],21
AVwcnatSByjofQCxgRWn,Gateway Inn,Red Bluff,1.0,0.0,[],[],1
AVwcncpWIN2L1WUfm-nm,Best Western Plus Chalmette Hotel,Chalmette,5.0,1.0,"['clean rooms', 'comfortable']",[],1
AVwcngfikufWRAb5xLJA,Holiday Inn Express Hotel & Suites Defiance,Defiance,3.0,0.5,[],[],1
AVwcnmXi_7pvs4fzxH33,Sunshine Motel,Las Vegas,5.0,1.0,"['clean rooms', 'comfortable', 'food']",[],1
AVwcnnH9IN2L1WUfnAfW,Element Basalt - Aspen,Basalt,4.5,0.875,"['friendly staff', 'location', 'comfortable']",[],2
AVwcnnZvkufWRAb5xMaa,Days Inn Greeley,Greeley,3.6,0.65,"['friendly staff', 'clean rooms', 'comfortable', 'food', 'value']",[],5
AVwcnnlA_7pvs4fzxIHx,Paola Best Western Htl,Paola,5.0,1.0,[],[],1
AVwcno-SIN2L1WUfnA6k,La Quinta Inn & Suites Phoenix I-10 West,Phoenix,4.0,0.75,"['food', 'clean rooms', 'friendly staff', 'location', 'comfortable', 'value']","['broken', 'cleanliness', 'noisy rooms', 'slow wifi']",27
AVwcnosC_7pvs4fzxIW9,Chase Suite Hotel Tampa,Tampa,2.75,0.4375,"['location', 'comfortable', 'food', 'good wifi']","['slow wifi', 'cleanliness', 'small rooms', 'broken', 'rude staff']",12
AVwcnusNByjofQCxgVKG,Best Western The Inn At Rochester Airport,Rochester,3.0,0.5,"['location', 'food', 'value']",[],6
AVwco2f8_7pvs4fzxV0W,Holiday Inn Express & Suites Port Richey,Port Richey,3.6667,0.6667,"['friendly staff', 'clean rooms', 'location', 'food']",[],6
AVwco5ow_7pvs4fzxWUg,Quality Inn Suites at Dollywood Lane,Pigeon Forge,4.5,0.875,"['location', 'food']",[],2
AVwcoBudkufWRAb5xQ4d,Best Western Plus The Inn at King of Prussia,King of Prussia,4.625,0.9062,"['friendly staff', 'food', 'clean rooms', 'location', 'value', 'comfortable']",[],8
AVwcoE7vIN2L1WUfnF8Y,Hampton Inn Lafayette,Lafayette,5.0,1.0,"['clean rooms', 'friendly staff', 'food', 'location', 'comfortable']",[],4
AVwcoI15kufWRAb5xSDb,Ramada Oklahoma City Near Bricktown,Oklahoma City,2.8667,0.4667,"['friendly staff', 'clean rooms', 'location', 'food', 'good wifi']","['broken', 'cleanliness']",15
AVwcoMCE_7pvs4fzxOQ6,Ludlow Village Inn & Suites,Ludlow,3.5,0.625,"['clean rooms', 'friendly staff', 'comfortable']",[],2
AVwcoZmUByjofQCxgcjd,Best Western Paradise Inn of Nephi,Nephi,4.75,0.9375,"['friendly staff', 'comfortable', 'food', 'location', 'clean rooms', 'value']",[],4
AVwcobY2kufWRAb5xVG7,Red Roof Inn Lansing East - Michigan State University,Lansing,2.3333,0.3333,[],['cleanliness'],3
AVwcodRYkufWRAb5xVar,Wilderness On The Lake,Wisconsin Dells,3.5,0.625,[],['expensive'],2
AVwcoeRtIN2L1WUfnKXF,Economy Inn,Sylva,1.0,0.0,[],['broken'],2
AVwcohF6IN2L1WUfnK7O,Four Points by Sheraton Punta Gorda Harborside,Punta Gorda,4.4167,0.8542,"['friendly staff', 'food', 'clean rooms', 'location', 'comfortable', 'view']",['small rooms'],12
AVwcoi3VkufWRAb5xWYR,Best Western Plus Fort Wayne Inn Suites North,Fort Wayne,4.7,0.925,"['clean rooms', 'friendly staff', 'food', 'location', 'comfortable', 'value']",[],10
AVwcolBg_7pvs4fzxSnV,Hampton Inn Atlanta-Perimeter Center,Atlanta,3.8571,0.7143,"['clean rooms', 'comfortable', 'friendly staff', 'food', 'location']","['cleanliness', 'broken']",7
AVwcopCNByjofQCxgfSS,Comfort Suites,Lawton,4.5,0.875,"['friendly staff', 'comfortable', 'food']",[],2
AVwcos3ZkufWRAb5xYF0,Best Western,Latta,3.0,0.5,[],[],2
AVwcouq9ByjofQCxggdI,Dover Inn,Dover,2.0,0.25,[],[],1
AVwcoyGLkufWRAb5xZDn,Americas Best Value Inn,Auburn,2.75,0.4375,"['clean rooms', 'friendly staff', 'comfortable', 'food']",['rude staff'],4
AVwcoyb0ByjofQCxghKz,Comfort Suites Tampa / Brandon,Tampa,2.8,0.45,['food'],"['noisy rooms', 'small rooms', 'slow wifi', 'cleanliness', 'broken', 'expensive']",5
AVwcp0Y1ByjofQCxgsyk,Value Host Motor Inn,Marquette,4.5,0.875,"['clean rooms', 'friendly staff', 'good wifi', 'food', 'comfortable']",['slow wifi'],4
AVwcp0f3ByjofQCxgszY,Holiday Inn Express & Suites Carmel-north Indianapolis,Carmel,3.2857,0.5714,"['comfortable', 'location', 'food', 'clean rooms', 'friendly staff', 'value']",['slow wifi'],7
AVwcp0fTByjofQCxgszV,Courtyard San Diego Sorrento Valley,San Diego,4.3333,0.8333,"['clean rooms', 'location', 'friendly staff', 'comfortable']",[],3
AVwcp2gFIN2L1WUfnZ_K,Baymont Inn & Suites Bowling Green,Bowling Green,2.6667,0.4167,"['friendly staff', 'location', 'comfortable', 'food', 'value', 'clean rooms']","['noisy rooms', 'broken', 'cleanliness', 'expensive']",6
AVwcp3RrkufWRAb5xkVr,King George Hotel,San Francisco,3.0,0.5,[],['small rooms'],1
AVwcp6rJkufWRAb5xk6d,Port Motel,Port Allegany,4.0,0.75,"['clean rooms', 'comfortable']",['small rooms'],1
AVwcp94xkufWRAb5xlVI,Hotel Del Flores,Beverly Hills,1.0,0.0,[],"['broken', 'slow wifi', 'noisy rooms', 'cleanliness']",2
AVwcpARZkufWRAb5xbjH,Fiddler's Inn,Nashville,2.3333,0.3333,"['clean rooms', 'friendly staff', 'location', 'food', 'good wifi', 'value']",['slow wifi'],6
AVwcpCpt_7pvs4fzxXw0,Best Western Silver Fox Inn,Waterville Valley,4.6667,0.9167,"['comfortable', 'food', 'friendly staff', 'location', 'good wifi', 'value']",['slow wifi'],3
AVwcpFZjIN2L1WUfnRa7,Comfort Inn,Kalamazoo,5.0,1.0,"['clean rooms', 'good wifi']",[],1
AVwcpGlGIN2L1WUfnRmb,Hilton Garden Inn Richmond Airport,Sandston,4.0,0.75,"['food', 'clean rooms', 'comfortable']",[],3
AVwcpN3KByjofQCxgl4H,Wyndham Houston - Medical Center Hotel and Suites,Houston,4.25,0.8125,"['friendly staff', 'food']",['noisy rooms'],4
AVwcpVEqByjofQCxgnPU,Hotel Indigo Pittsburgh East Liberty,Pittsburgh,5.0,1.0,"['clean rooms', 'friendly staff', 'comfortable', 'value']",[],1
AVwcpYgy_7pvs4fzxbZZ,Ramada Flagstaff East,Flagstaff,3.2,0.55,"['clean rooms', 'friendly staff', 'comfortable', 'value']",['cleanliness'],5
AVwcpbnUkufWRAb5xf9I,Western Motel,Abilene,4.0,0.75,"['clean rooms', 'location']",[],1
AVwcpdJEIN2L1WUfnVvk,Comfort Suites,Southaven,5.0,1.0,['clean rooms'],[],1
AVwcpfFpkufWRAb5xgmr,Drury Inn Suites San Antonio Riverwalk,San Antonio,4.0,0.75,"['location', 'clean rooms', 'comfortable', 'friendly staff', 'value', 'food']",['small rooms'],5
AVwcpk6xIN2L1WUfnXBN,Americas Best Value Inn Mackinaw City,Mackinaw City,4.5,0.875,"['comfortable', 'clean rooms', 'friendly staff', 'food']",[],2
AVwcpqjJ_7pvs4fzxeee,Red Roof Inn Dayton North Airport,Dayton,2.5455,0.3864,"['clean rooms', 'friendly staff', 'food', 'value', 'comfortable']","['cleanliness', 'noisy rooms', 'small rooms']",11
AVwcptt5ByjofQCxgro9,Fun City Motel,Las Vegas,1.0,0.0,[],['cleanliness'],1
AVwcpwjo_7pvs4fzxffC,Magnuson Hotel Norfolk Airport,Virginia Beach,5.0,1.0,"['clean rooms', 'friendly staff']",[],1
AVwcq39qByjofQCxg4PG,Fairfield Inn Saginaw,Saginaw,4.6,0.9,"['clean rooms', 'food', 'comfortable', 'friendly staff']",['noisy rooms'],5
AVwcq3c9ByjofQCxg4Iw,Comfort Inn,Idaho Falls,5.0,1.0,"['clean rooms', 'friendly staff', 'food']",[],1
AVwcqTFj_7pvs4fzxlKs,"The Ritz-Carlton, Dove Mountain",Marana,4.8333,0.9583,"['friendly staff', 'food', 'location', 'comfortable', 'value', 'clean rooms']","['broken', 'noisy rooms']",12
AVwcqTprkufWRAb5xpQD,Best Western Plus-prairie Inn,Albany,4.4286,0.8571,"['friendly staff', 'clean rooms', 'comfortable', 'food', 'location', 'value']",['noisy rooms'],7
AVwcqZ3LIN2L1WUfnf7-,Comfort Inn,Onalaska,3.75,0.6875,"['food', 'clean rooms', 'comfortable', 'friendly staff']",[],4
AVwcqez9IN2L1WUfng2u,Silver Cloud Inn - Seattle Lake Union,Seattle,3.0,0.5,['friendly staff'],[],2
AVwcqjlFByjofQCxg0zY,America's Best Value Inn,Washington,2.25,0.3125,"['location', 'value']",['broken'],4
AVwcqkWoByjofQCxg07u,MacRae's Of Homosassa Inc,Homosassa,5.0,1.0,['friendly staff'],[],1
AVwcqrBakufWRAb5xtoP,Bougainvillea On The Beach,Hollywood,5.0,1.0,['clean rooms'],[],1
AVwcqxKRkufWRAb5xukl,Richland Inn - Lewisburg,Lewisburg,3.0,0.5,"['clean rooms', 'friendly staff', 'comfortable']",['small rooms'],3
AVwcr1EgIN2L1WUfnwTB,Econo Lodge,Acworth,1.0,0.0,[],['cleanliness'],1
AVwcrALLByjofQCxg5vg,Motel 6,Lexington,5.0,1.0,"['clean rooms', 'friendly staff', 'location']",[],1
AVwcrBswkufWRAb5xxjx,Hampton Inn & Suites Jackson,Jackson,4.0,0.75,"['friendly staff', 'clean rooms', 'location', 'food', 'comfortable']","['small rooms', 'noisy rooms', 'rude staff']",8
AVwcrC6__7pvs4fzxt0Z,Blue Sky Lodge,Carmel Valley,3.625,0.6562,"['friendly staff', 'location', 'food', 'comfortable', 'clean rooms']","['broken', 'small rooms', 'expensive', 'cleanliness']",8
AVwcrCEtkufWRAb5xxoS,Four Points by Sheraton Plainview Long Island,Plainview,4.3333,0.8333,"['location', 'friendly staff', 'clean rooms', 'food']","['cleanliness', 'broken']",6
AVwcrGUBByjofQCxg67W,Park Inn By Radisson Sharon,West Middlesex,3.4,0.6,"['friendly staff', 'comfortable', 'food']",[],5
AVwcrIWVIN2L1WUfnoSf,Best Western Plus Raton Hotel,Raton,4.9167,0.9792,"['friendly staff', 'comfortable', 'food', 'clean rooms', 'location', 'value']",[],12
AVwcrIvnByjofQCxg7XT,Best Western Markland Hotel,Monterey Park,3.5,0.625,['comfortable'],['cleanliness'],2
AVwcrK3t_7pvs4fzxvP_,Quality Inn Suites,Portsmouth,3.3333,0.5833,"['clean rooms', 'friendly staff', 'comfortable', 'food']",['cleanliness'],3
AVwcrLZyByjofQCxg76W,Travelodge Cortez,Cortez,3.0,0.5,[],[],1
AVwcrM15kufWRAb5xzll,Rodeway Inn,Weedsport,3.0,0.5,[],['noisy rooms'],1
AVwcrNvj_7pvs4fzxvzo,Super 8 Augusta,Augusta,1.75,0.1875,"['clean rooms', 'good wifi']","['cleanliness', 'slow wifi', 'noisy rooms']",8
AVwcrOz_ByjofQCxg8lq,Best Western Plus Newark/christiana Inn,Bear,3.7778,0.6944,"['friendly staff', 'clean rooms', 'comfortable', 'food', 'location']","['rude staff', 'cleanliness']",9
AVwcrU0yIN2L1WUfnqmO,Quality Inn & Suites Airport/Cruise Port South,Hollywood,3.0714,0.5179,['friendly staff'],"['broken', 'small rooms', 'expensive']",14
AVwcrY5MkufWRAb5x1nm,Econo Lodge Inn & Suites,White Haven,3.5,0.625,['friendly staff'],[],2
AVwcrbYy_7pvs4fzxyKK,Econo Lodge,Lebanon,4.0,0.75,"['clean rooms', 'comfortable']",[],1
AVwcrf3WByjofQCxg_pl,Colorado Belle Hotel And Casino,Laughlin,3.7647,0.6912,"['friendly staff', 'food', 'location', 'comfortable', 'clean rooms', 'view']","['broken', 'cleanliness']",17
AVwcrf5OkufWRAb5x27v,Fairfield Inn Corbin,Corbin,3.0,0.5,"['friendly staff', 'comfortable', 'food']",[],2
AVwcrg5zIN2L1WUfns34,Days Inn Mattoon,Mattoon,3.75,0.6875,"['clean rooms', 'food', 'location', 'good wifi', 'comfortable']",['slow wifi'],8
AVwcrhPy_7pvs4fzxzN3,Wisconsin -Aire Motel,Random Lake,4.0,0.75,['value'],['noisy rooms'],1
AVwcrjlMkufWRAb5x3pl,Bay Pointe Inn Restaurant,Shelbyville,4.0,0.75,"['clean rooms', 'friendly staff', 'food']",[],1
AVwcs964IN2L1WUfn8s9,Hyatt Regency Grand Cypress,Orlando,4.4762,0.869,"['food', 'friendly staff', 'view', 'location', 'clean rooms', 'comfortable']","['slow wifi', 'small rooms']",21
AVwcsAd-IN2L1WUfnyZj,Staybridge Suites El Paso Airport Area,El Paso,5.0,1.0,['food'],[],1
AVwcsDpjkufWRAb5x9QJ,Lodge At Lake Tahoe,South Lake Tahoe,3.0,0.5,[],['small rooms'],1
AVwcsGh9_7pvs4fzx5nw,The Gables Inn Sausalito,Sausalito,4.6667,0.9167,"['friendly staff', 'food', 'view', 'clean rooms', 'comfortable']",['noisy rooms'],3
AVwcsHsU_7pvs4fzx51l,Comfort Suites,Jackson,3.0,0.5,[],['noisy rooms'],1
AVwcsIglByjofQCxhGqI,Hampton Inn Kingsland,Kingsland,3.8333,0.7083,"['clean rooms', 'friendly staff', 'comfortable', 'location', 'food']",['slow wifi'],6
AVwcsZ2uByjofQCxhJsI,Hyatt Place Houston/Sugar Land,Sugar Land,5.0,1.0,"['clean rooms', 'comfortable', 'food']",[],1
AVwcsbl6IN2L1WUfn2-N,Ramada Naples,Naples,4.5,0.875,"['clean rooms', 'value', 'friendly staff', 'food']",[],2
AVwcshif_7pvs4fzx-GW,Pike Motel,Carlisle,3.0,0.5,[],[],1
AVwcsnP8kufWRAb5yC-z,Home2 Suites by Hilton Clarksville/Ft. Campbell,Clarksville,5.0,1.0,"['clean rooms', 'friendly staff', 'comfortable']",[],1
AVwcssHZ_7pvs4fzyAC3,Sleep Inn & Suites Central/I-44,Tulsa,4.0,0.75,"['clean rooms', 'friendly staff', 'comfortable']",['small rooms'],1
AVwcssTBkufWRAb5yD6M,Holiday Inn Express Washington Dc Sw - Springfield,Springfield,3.0,0.5,[],"['cleanliness', 'small rooms']",1
AVwcssx3_7pvs4fzyAIl,Super 8-el Centro,El Centro,4.0,0.75,"['clean rooms', 'friendly staff', 'food', 'comfortable']",[],4
AVwcsvoSkufWRAb5yEig,Budget Inn of America,Medford,4.0,0.75,['friendly staff'],[],1
AVwcswk2kufWRAb5yEtI,Plantation Inn & Suites,Jane Lew,3.0,0.5,"['food', 'clean rooms']","['noisy rooms', 'cleanliness']",3
AVwcsz89_7pvs4fzyBb3,Country Inn&Suites By Carlson,Smyrna,3.0,0.5,"['friendly staff', 'location', 'food', 'clean rooms', 'comfortable']","['broken', 'rude staff']",3
AVwct0d4IN2L1WUfoGLp,Basecamp Hotel,South Lake Tahoe,4.5,0.875,"['friendly staff', 'clean rooms', 'comfortable', 'location']",[],4
AVwct43gkufWRAb5yQzo,Red Roof Plus+ Long Island-garden City,Westbury,5.0,1.0,"['comfortable', 'friendly staff', 'location']",[],5
AVwct7BzIN2L1WUfoHaP,The Old No. 77 Hotel & Chandlery,New Orleans,5.0,1.0,"['friendly staff', 'comfortable', 'food', 'location', 'clean rooms']",[],5
AVwctAJvkufWRAb5yHGn,FOUND:RE Phoenix,Phoenix,4.7619,0.9405,"['friendly staff', 'location', 'food', 'comfortable', 'clean rooms', 'view']",['noisy rooms'],21
AVwctAsF_7pvs4fzyDXO,Quality Inn Suites Medical Park,Durham,5.0,1.0,"['comfortable', 'food']",[],1
AVwctB6FByjofQCxhQOK,Hampton Inn Horse Cave,Horse Cave,3.7143,0.6786,"['clean rooms', 'friendly staff', 'comfortable', 'value']","['noisy rooms', 'cleanliness']",7
AVwctBJzkufWRAb5yHSB,Springhill Suites Cincinnati Midtown,Cincinnati,5.0,1.0,"['location', 'comfortable']",[],1
AVwctD7b_7pvs4fzyD7J,Hyatt Place Dallas Plano,Plano,4.3333,0.8333,"['friendly staff', 'clean rooms', 'food', 'location', 'comfortable']",['broken'],6
AVwctHQpIN2L1WUfn-Rp,Hampton Inn Baltimore/white Marsh,Nottingham,5.0,1.0,"['location', 'comfortable', 'food', 'value']",[],1
AVwctKf2IN2L1WUfn-5E,Quality Inn Suites,Tallahassee,4.0,0.75,"['clean rooms', 'food', 'friendly staff', 'location', 'comfortable']",[],2
AVwctdCtIN2L1WUfoCNo,Ramada-kingman,Kingman,3.5,0.625,"['location', 'value']",[],2
AVwcte5YByjofQCxhVYS,The Grand Highland Hotel,Prescott,4.7778,0.9444,"['friendly staff', 'comfortable', 'location', 'food', 'clean rooms', 'value']","['small rooms', 'noisy rooms']",9
AVwcth-hIN2L1WUfoDDW,Quality Inn,Edison,4.5,0.875,"['friendly staff', 'good wifi', 'clean rooms', 'location', 'food']",[],2
AVwctnEWIN2L1WUfoD7T,Mark Twain Hotel,Peoria,4.5,0.875,"['food', 'friendly staff', 'view', 'clean rooms', 'location']",[],4
AVwcttFyIN2L1WUfoE5G,The Niantic Inn,Niantic,3.0,0.5,[],[],1
AVwctte0_7pvs4fzyLDZ,Riverside Inn,Grants Pass,4.4,0.85,"['friendly staff', 'comfortable', 'clean rooms', 'view', 'value', 'food']",[],5
AVwctu4EByjofQCxhYDN,Best Western Plus Executive Hotel Suites,Sulphur,4.5,0.875,"['clean rooms', 'friendly staff', 'comfortable', 'food']",[],2
AVwctyZkIN2L1WUfoF2k,Hilton Garden Inn Tampa East/brandon,Tampa,4.1667,0.7917,"['friendly staff', 'location', 'view', 'food', 'clean rooms', 'comfortable']",['cleanliness'],6
AVwcu--CkufWRAb5ycKI,Blue Jay Motel,Hampton,5.0,1.0,"['clean rooms', 'comfortable']",[],2
AVwcu-6KIN2L1WUfoS23,Best Western Kennesaw Inn,Kennesaw,3.5,0.625,"['clean rooms', 'friendly staff', 'location']",['small rooms'],4
AVwcu-YOkufWRAb5ycEC,Best Western Plus Eau Claire Conference Center,Eau Claire,4.0,0.75,"['friendly staff', 'comfortable', 'clean rooms', 'food']","['noisy rooms', 'slow wifi']",4
AVwcu5l-_7pvs4fzyXbz,Four Points by Sheraton San Jose - Silicon Valley,San Jose,1.5,0.125,[],['broken'],4
AVwcu5r4_7pvs4fzyXc5,Holiday Inn Express & Suites Houston Space Ctr - Clear Lake,Webster,5.0,1.0,"['clean rooms', 'friendly staff']",[],1
AVwcuFWbIN2L1WUfoI9y,Greybull Motel,Greybull,4.3333,0.8333,"['friendly staff', 'food']",['slow wifi'],3
AVwcuGm4kufWRAb5yS1U,Comfort Inn,Concord,4.0,0.75,"['clean rooms', 'friendly staff', 'food']",[],1
AVwcuIFlIN2L1WUfoJYt,"Country Inn & Suites By Carlson, Rocky Mount, NC",Rocky Mount,5.0,1.0,"['clean rooms', 'friendly staff', 'comfortable']",[],1
AVwcuMl7kufWRAb5yTzU,Super 8-dover,Dover,2.3333,0.3333,[],[],3
AVwcuOPBkufWRAb5yUC0,SpringHill Suites Norfolk Old Dominion University,Norfolk,3.0,0.5,"['clean rooms', 'comfortable']","['noisy rooms', 'broken']",2
AVwcuP1bByjofQCxhdmm,Baymont Inn & Suites-holland,Holland,2.0,0.25,[],['cleanliness'],2
AVwcuW-C_7pvs4fzyRmP,Hampton Inn Atlanta-Mall Of Georgia,Buford,4.0,0.75,[],[],1
AVwcuX3D_7pvs4fzyRwc,Residence Inn By Marriott Waldorf,Waldorf,5.0,1.0,"['clean rooms', 'friendly staff', 'location', 'food']",[],1
AVwcuaVJkufWRAb5yWBw,Wingate By Wyndham Erie,Erie,4.1818,0.7955,"['food', 'friendly staff', 'comfortable', 'clean rooms', 'location', 'good wifi']","['small rooms', 'slow wifi', 'noisy rooms', 'cleanliness']",11
AVwcug9Q_7pvs4fzyTf5,Sleep Inn,Summersville,5.0,1.0,"['clean rooms', 'friendly staff', 'food']",[],1
AVwcugVE_7pvs4fzyTYc,Hotel Luxe,Brooklyn,2.0,0.25,[],['small rooms'],1
AVwculHaIN2L1WUfoOhw,The Star Inn,Cape May,4.6667,0.9167,"['comfortable', 'clean rooms', 'friendly staff', 'location']",[],3
AVwcuo0eIN2L1WUfoPEk,Hampton Inn Lexington Medical Center,Lexington,5.0,1.0,"['clean rooms', 'location']",[],1
AVwcuoay_7pvs4fzyUk4,Park Lane Motel,Lake George,5.0,1.0,['friendly staff'],[],1
AVwcutHnkufWRAb5yY8Y,Best Western Plus Heritage Inn Rancho Cucamonga/Ontario,Rancho Cucamonga,3.5,0.625,"['comfortable', 'location', 'food', 'clean rooms', 'friendly staff']",[],4
AVwcutlmByjofQCxhini,Quality Inn,Hackettstown,1.0,0.0,[],['cleanliness'],1
AVwcv176_7pvs4fzyiBK,Cameo Bar at Viceroy Santa Monica,Santa Monica,4.25,0.8125,"['friendly staff', 'location', 'clean rooms', 'view', 'comfortable', 'food']","['rude staff', 'small rooms']",12
AVwcv5kmIN2L1WUfodCi,Best Western University Inn & Suites,Forest Grove,5.0,1.0,"['friendly staff', 'clean rooms', 'location']",[],2
AVwcv9KIkufWRAb5ym-h,Hampton Inn Suites Pigeon Forge On The Parkway,Pigeon Forge,4.2,0.8,"['clean rooms', 'friendly staff', 'location', 'comfortable', 'food']",[],5
AVwcvDNLkufWRAb5yc4L,Hampton Inn Greenville/simpsonville,Simpsonville,4.3333,0.8333,"['friendly staff', 'clean rooms']",[],3
AVwcvG4kByjofQCxhm_k,DoubleTree by Hilton Hotel Orlando at SeaWorld,Orlando,4.0,0.75,['location'],[],2
AVwcvH0KkufWRAb5ydpT,Best Western Plus Encina Inn & Suites,Santa Barbara,4.7,0.925,"['food', 'location', 'friendly staff', 'comfortable', 'clean rooms', 'value']","['noisy rooms', 'broken']",10
AVwcvH1UkufWRAb5ydpb,"Country Inn & Suites By Carlson, Carlisle, PA",Carlisle,5.0,1.0,"['clean rooms', 'friendly staff', 'comfortable', 'food']",[],1
AVwcvIC5_7pvs4fzyZ3q,Americas Best Value Inn - Charlotte,Charlotte,3.6667,0.6667,"['clean rooms', 'comfortable', 'friendly staff', 'food']",['small rooms'],3
AVwcvPudkufWRAb5yfGh,Sea Captain Resort On The Bay,Clearwater Beach,4.25,0.8125,"['friendly staff', 'food']",[],4
AVwcvSBvByjofQCxho9D,Hampton Inn Omaha Midtown-Aksarben Area,Omaha,3.5,0.625,"['clean rooms', 'friendly staff', 'comfortable', 'food']",[],2
AVwcvSDN_7pvs4fzybs0,Comfort Inn,Fontana,4.0,0.75,"['clean rooms', 'friendly staff', 'location', 'comfortable']",[],1
AVwcvak-IN2L1WUfoXdI,The Resort at Longboat Key Club,Longboat Key,4.5,0.875,"['friendly staff', 'comfortable', 'view', 'clean rooms', 'location', 'food']","['small rooms', 'cleanliness', 'noisy rooms', 'expensive']",22
AVwcvbh6ByjofQCxhqkB,Hilton Garden Inn Jonesboro,Jonesboro,5.0,1.0,"['friendly staff', 'food']",[],1
AVwcvkMH_7pvs4fzyfF-,Simmons Suites,Bentonville,5.0,1.0,"['clean rooms', 'comfortable']",[],1
AVwcvrtf_7pvs4fzygXo,Super 8 Monticello,Monticello,2.6667,0.4167,"['clean rooms', 'comfortable', 'food', 'good wifi']",['cleanliness'],3
AVwcvs8RkufWRAb5ykXC,M -37 Motel,Newaygo,3.0,0.5,[],['cleanliness'],1
AVwcw-3t_7pvs4fzyuag,Deer Crest Resort,Estes Park,4.1429,0.7857,"['friendly staff', 'comfortable', 'clean rooms', 'value']","['small rooms', 'slow wifi']",7
AVwcw2tT_7pvs4fzys5x,Quality Inn Suites,Sioux City,2.6667,0.4167,['food'],['cleanliness'],3
AVwcw3aBkufWRAb5ywtU,Americas Best Value Inn Albert Lea,Albert Lea,3.0,0.5,[],[],1
AVwcw506IN2L1WUfooat,Hyatt Place Charlottesville,Charlottesville,4.5,0.875,"['friendly staff', 'location', 'food', 'comfortable', 'clean rooms']",['broken'],4
AVwcw6ldByjofQCxh7d4,Quality Inn Suites,Ashland,5.0,1.0,"['friendly staff', 'comfortable', 'food']",[],2
AVwcw7D5IN2L1WUfoorC,Best Western Wapakoneta Inn,Wapakoneta,4.5,0.875,"['clean rooms', 'friendly staff', 'comfortable', 'food', 'value']",[],2
AVwcw8G4IN2L1WUfoo4m,Days Inn Apple Valley Sevierville,Sevierville,3.3333,0.5833,"['location', 'friendly staff', 'clean rooms']",['broken'],6
AVwcwBaz_7pvs4fzykCo,Sleep Inn,Lexington,1.0,0.0,[],"['small rooms', 'broken']",1
AVwcwD-xIN2L1WUfoe8r,Americas Best Value Inn Las Vegas,Las Vegas,1.0,0.0,[],"['slow wifi', 'small rooms', 'broken']",1
AVwcwKAGByjofQCxhy9u,Best Western Plus Arroyo Roble Hotel & Creekside Villas,Sedona,4.0526,0.7632,"['view', 'friendly staff', 'location', 'comfortable', 'clean rooms', 'food']",['expensive'],19
AVwcwLYaByjofQCxhzPp,Aloft Houston by the Galleria,Houston,4.0,0.75,"['friendly staff', 'location', 'comfortable']",['small rooms'],1
AVwcwSXiIN2L1WUfohjW,Quality Inn Oklahoma City Airport,Oklahoma City,4.5,0.875,"['clean rooms', 'comfortable']",[],2
AVwcwUbT_7pvs4fzynMq,Rodeway Inn Suites,Flagstaff,3.0,0.5,"['clean rooms', 'friendly staff', 'location', 'food', 'value']",['broken'],3
AVwcwbCZkufWRAb5ysDL,Best Western Route 66 Rail Haven,Springfield,4.8333,0.9583,"['friendly staff', 'clean rooms', 'food', 'comfortable', 'value']",[],6
AVwcwguUByjofQCxh3CQ,Robbins Motel,Bar Harbor,2.6667,0.4167,[],"['noisy rooms', 'small rooms']",3
AVwcwjxb_7pvs4fzypzm,Red Roof Inn Durham-duke University Medical Center,Durham,3.2,0.55,['location'],"['broken', 'noisy rooms', 'cleanliness']",5
AVwcwnzr_7pvs4fzyqea,SpringHill Suites Chesapeake Greenbrier,Chesapeake,4.0,0.75,[],[],1
AVwcwt3ZIN2L1WUfomUi,Grand Coulee Center Lodge,Grand Coulee,3.6667,0.6667,"['friendly staff', 'food']",['expensive'],3
AVwcxBWSIN2L1WUfop66,Best Western Ramkota Hotel,Watertown,3.8,0.7,"['friendly staff', 'comfortable', 'clean rooms', 'food']","['expensive', 'noisy rooms', 'small rooms']",5
AVwcxNfT_7pvs4fzyxCU,Hampton Inn Myrtle Beach-Northwood,Myrtle Beach,3.0,0.5,[],['broken'],1
AVwcxQ1KkufWRAb5y1V_,Holiday Inn Express Harrisburg East,Harrisburg,3.625,0.6562,"['location', 'comfortable', 'clean rooms', 'friendly staff', 'food', 'value']","['cleanliness', 'broken', 'rude staff']",8
AVwcxVRZkufWRAb5y2BN,Northwoods Resort,Pinetop,4.0,0.75,"['comfortable', 'view', 'good wifi']",['slow wifi'],1
AVwcxZSWkufWRAb5y2wv,Drury Plaza Hotel St. Louis at the Arch,Saint Louis,4.4545,0.8636,"['food', 'location', 'friendly staff', 'clean rooms', 'value', 'view']",['cleanliness'],11
AVwcx_jnByjofQCxiH38,250 Main Hotel,Rockland,5.0,1.0,['friendly staff'],[],2
AVwcx_kXByjofQCxiH4A,Days Inn Maui Oceanfront,Kƒ´hei,4.2,0.8,"['location', 'friendly staff', 'view', 'food', 'good wifi']","['small rooms', 'slow wifi']",5
AVwcxm5S_7pvs4fzy1gQ,Hawthorn Suites By Wyndham Dayton North,Dayton,2.8571,0.4643,"['friendly staff', 'clean rooms', 'location', 'comfortable', 'value']","['broken', 'cleanliness']",7
AVwcxwHqkufWRAb5y6eL,Ocean Breeze Motel,Florence,4.0,0.75,"['clean rooms', 'friendly staff', 'value']",['noisy rooms'],2
AVwcy-z7ByjofQCxiSGX,Budget Inn,Panhandle,2.0,0.25,[],[],1
AVwcy4cRIN2L1WUfo-Hg,Shawnee Motel,Schellsburg,4.0,0.75,"['clean rooms', 'location']",[],3
AVwcy5K2IN2L1WUfo-Q-,Best Western Plus Lockport Hotel,Lockport,4.2,0.8,"['food', 'comfortable', 'location', 'value', 'clean rooms', 'friendly staff']",['slow wifi'],5
AVwcy8jBByjofQCxiRyD,Hilton Garden Inn Atlanta Downtown,Atlanta,4.2105,0.8026,"['friendly staff', 'food', 'clean rooms', 'location', 'comfortable', 'view']","['slow wifi', 'cleanliness', 'noisy rooms', 'rude staff', 'broken']",38
AVwcyB1VkufWRAb5y9qO,Comfort Suites Columbia Gateway,Elkridge,4.4,0.85,"['friendly staff', 'food', 'clean rooms', 'location', 'comfortable', 'good wifi']",[],5
AVwcyOnzByjofQCxiKAI,Ocean Drive Villas,Hollywood,3.5,0.625,"['friendly staff', 'food']",[],2
AVwcyP45_7pvs4fzy8DN,Courtyard Chattanooga Downtown,Chattanooga,4.0,0.75,"['location', 'friendly staff', 'clean rooms', 'comfortable']","['small rooms', 'broken']",5
AVwcydgrIN2L1WUfo5e4,Econo Lodge Inn Suites Central,Medford,3.5,0.625,"['clean rooms', 'location', 'comfortable']",[],2
AVwcyfMkkufWRAb5zCVk,Acadia Suites,Bar Harbor,5.0,1.0,"['location', 'clean rooms']",[],2
AVwcyqskIN2L1WUfo7u7,Days Inn College Park Airport Best Road,Atlanta,1.0,0.0,[],[],1
AVwcyzL2IN2L1WUfo9OK,Econo Lodge,Thomaston,2.25,0.3125,"['clean rooms', 'friendly staff', 'comfortable', 'food']",['cleanliness'],4
AVwcz48TkufWRAb5zRFy,Courtyard Harrisburg Hershey,Harrisburg,4.5,0.875,"['friendly staff', 'food']",[],2
AVwcz4HEIN2L1WUfpJOP,Western Skies Motor Inn,Dalhart,1.0,0.0,[],['cleanliness'],1
AVwczMKx_7pvs4fzzGNS,Baymont Inn & Suites Boone,Boone,2.5,0.375,['friendly staff'],"['small rooms', 'slow wifi']",4
AVwczQY9_7pvs4fzzG0M,Mainstay Suites,Houma,5.0,1.0,['comfortable'],[],1
AVwczRoS_7pvs4fzzHAx,Motel 6,Buena Park,3.0,0.5,[],[],1
AVwczUHsByjofQCxiVw7,McMenamins Kennedy School,Portland,4.7071,0.9268,"['food', 'friendly staff', 'comfortable', 'clean rooms', 'view']",[],7
AVwczYHRkufWRAb5zLo3,Comfort Inn North,Medford,3.0,0.5,"['friendly staff', 'comfortable']",[],2
AVwczYNXIN2L1WUfpDor,Best Western Plus Skagit Valley Inn and Convention Center,Mount Vernon,4.5,0.875,"['food', 'friendly staff', 'comfortable', 'clean rooms', 'location', 'value']",[],4
AVwczZzfByjofQCxiWrI,The Westin Washington Dulles Airport,Herndon,4.6667,0.9167,"['friendly staff', 'clean rooms', 'comfortable', 'food']",['small rooms'],3
AVwczr5ZIN2L1WUfpG-3,Hampton Inn & Suites Cedar Rapids North,Cedar Rapids,5.0,1.0,"['clean rooms', 'friendly staff']",[],1
AVwcztuoByjofQCxiaDX,Hotel Prince Spafford,Brooklyn,1.0,0.0,[],['cleanliness'],1
AVwczuhu_7pvs4fzzLiG,Sound Board,Detroit,4.625,0.9062,"['friendly staff', 'comfortable', 'clean rooms', 'food']",[],8
AVwczz3QByjofQCxibOg,Holiday Inn Express Albuquerque (I-40 Eubank),Albuquerque,3.0,0.5,[],[],1
AVwd--7e_7pvs4fz_AdQ,Best Western Luxury Inn,Tracy,3.2,0.55,"['friendly staff', 'clean rooms', 'location', 'value']","['small rooms', 'broken', 'noisy rooms', 'cleanliness', 'rude staff']",10
AVwd-DEG_7pvs4fz-3xL,Hyatt Place Atlanta Airport-South,Atlanta,4.4333,0.8583,"['friendly staff', 'location', 'food', 'comfortable', 'clean rooms', 'good wifi']","['expensive', 'slow wifi', 'small rooms', 'broken']",30
AVwd-G2B_7pvs4fz-4Q-,Bricktown Hotel & Convention Center,Oklahoma City,4.6667,0.9167,"['friendly staff', 'food', 'clean rooms', 'comfortable', 'location']",[],3
AVwd-KFckufWRAb5-3Gs,Blue Haven Motor Court,Saco,4.0,0.75,"['clean rooms', 'comfortable']",[],1
AVwd-d94IN2L1WUf047o,Milwaukee Airport Inn,Milwaukee,1.8333,0.2083,[],"['cleanliness', 'slow wifi', 'noisy rooms', 'broken']",6
AVwd-eVmByjofQCxuLdF,Howard Johnson Express Inn/Airport,Louisville,1.8,0.2,['value'],"['cleanliness', 'noisy rooms', 'small rooms']",5
AVwd-iMF_7pvs4fz-8cF,Residence Inn Chicago Bloomingdale,Bloomingdale,5.0,1.0,"['friendly staff', 'comfortable']",[],1
AVwd-iRekufWRAb5-6uD,Microtel Inn by Wyndham Henrietta/Rochester,Henrietta,2.875,0.4688,"['friendly staff', 'clean rooms', 'location', 'comfortable', 'food']","['small rooms', 'cleanliness', 'broken']",8
AVwd-jTPByjofQCxuMNO,Tarpon Inn,Port Aransas,4.5,0.875,"['friendly staff', 'location']",[],2
AVwd-kbGkufWRAb5-7Db,Hotel Laguna,Laguna Beach,3.0,0.5,"['clean rooms', 'location', 'food']","['noisy rooms', 'small rooms', 'broken']",2
AVwd-m1zByjofQCxuMp5,Seven Gables Inn,Saint Louis,4.75,0.9375,"['friendly staff', 'food', 'clean rooms']","['expensive', 'broken']",4
AVwd-tg4ByjofQCxuNg4,Towpath Motel,Rochester,4.0,0.75,"['clean rooms', 'friendly staff']",['broken'],2
AVwd0HO5ByjofQCxsvv8,Hyatt Place Atlanta-East/Lithonia,Lithonia,3.6667,0.6667,"['location', 'friendly staff', 'comfortable', 'food']","['small rooms', 'slow wifi']",6
AVwd0RDUIN2L1WUfzegV,Hampton Inn-elkhorn,Elkhorn,4.1667,0.7917,"['friendly staff', 'food', 'clean rooms', 'location', 'comfortable']",['rude staff'],6
AVwd0UlI_7pvs4fz9iNt,Red Roof Inn Flint-bishop Airport,Flint,2.25,0.3125,"['clean rooms', 'friendly staff', 'location']","['slow wifi', 'broken', 'small rooms']",4
AVwd0oJekufWRAb59jyK,Royal Palm Motel,Tybee Island,5.0,1.0,"['clean rooms', 'friendly staff', 'location', 'comfortable']",[],1
AVwd0qGcIN2L1WUfzh2y,Fairfield Inn and Suites Asheboro,Asheboro,5.0,1.0,"['clean rooms', 'friendly staff', 'food']",[],1
AVwd14lTIN2L1WUfzsgz,Hampton Inn-fairfax City,Fairfax,4.5,0.875,"['food', 'location', 'comfortable', 'friendly staff', 'clean rooms', 'value']",['noisy rooms'],4
AVwd17LcByjofQCxs_a-,Courtyard Annapolis,Annapolis,3.3333,0.5833,[],['slow wifi'],3
AVwd18R9IN2L1WUfztHv,Ocean House Hotel,Port Clyde,3.5,0.625,[],"['noisy rooms', 'broken']",2
AVwd1TbkByjofQCxs6FH,Shilo Inn Suites - Coeur d'Alene,Coeur d'Alene,4.0,0.75,"['friendly staff', 'food']",[],1
AVwd1Xs8IN2L1WUfzoNS,Mainstay Suites-fort Campbell,Clarksville,5.0,1.0,['friendly staff'],[],1
AVwd1Zo5ByjofQCxs7DO,Comfort Suites-elgin,Elgin,4.0,0.75,"['location', 'comfortable']",[],1
AVwd1buK_7pvs4fz9r3n,Jayhawk Motel,Tampa,3.0,0.5,['location'],[],2
AVwd1ysZByjofQCxs-N5,Hampton Inn-elmira/horseheads,Horseheads,4.2857,0.8214,"['friendly staff', 'food', 'clean rooms', 'location', 'comfortable']",[],7
AVwd27QekufWRAb593Lq,Ferrari's Crown Resort,Kings Beach,4.0,0.75,"['clean rooms', 'location', 'food']",[],2
AVwd2AlZ_7pvs4fz9w0L,Best Western Manhattan Inn,Manhattan,3.3333,0.5833,"['friendly staff', 'food']",[],3
AVwd2UjzkufWRAb59x-k,The Sea Lion Motel,Gloucester,4.0,0.75,"['clean rooms', 'friendly staff', 'location']",['small rooms'],1
AVwd2Y6akufWRAb59yiF,Best Western Suites Near Opryland,Nashville,4.0,0.75,"['clean rooms', 'friendly staff', 'location', 'comfortable', 'food']","['broken', 'expensive', 'cleanliness']",11
AVwd2nIhByjofQCxtFF5,Bogue Inlet Motel,Emerald Isle,1.5,0.125,[],['cleanliness'],2
AVwd3-Mk_7pvs4fz-BmW,River Hotel,Chicago,4.0536,0.7634,"['location', 'friendly staff', 'clean rooms', 'comfortable', 'view', 'food']","['small rooms', 'noisy rooms', 'slow wifi', 'broken', 'cleanliness', 'expensive']",56
AVwd37XCkufWRAb59_zE,Hampton Inn Orlando-Maingate South,Davenport,4.5,0.875,"['location', 'clean rooms', 'friendly staff', 'food', 'good wifi']",[],2
AVwd3D9JkufWRAb594Sj,Hampton Inn & Suites Dupont,DuPont,4.75,0.9375,"['friendly staff', 'clean rooms', 'food', 'comfortable', 'location']",[],8
AVwd3GcuByjofQCxtJND,Quality Inn North,Richmond,1.0,0.0,[],[],2
AVwd3OXr_7pvs4fz97MM,Quality Inn,Prescott,4.0,0.75,"['clean rooms', 'comfortable']",[],1
AVwd3ST_kufWRAb596Sp,Sunshine Inn,Wall,4.2,0.8,"['comfortable', 'clean rooms', 'value', 'friendly staff']","['small rooms', 'broken']",5
AVwd3bE8IN2L1WUfz5fz,Super 8 Bloomington/Airport,Minneapolis,4.25,0.8125,"['friendly staff', 'clean rooms', 'comfortable', 'food', 'location']",[],8
AVwd3cM2ByjofQCxtMDU,Hemlock Hall,Blue Mountain Lake,5.0,1.0,['view'],[],1
AVwd3olc_7pvs4fz9-t5,Carter Iva,Newcastle,4.0,0.75,"['clean rooms', 'location', 'food']",['small rooms'],1
AVwd42VKByjofQCxtYTu,"Extended Stay America Washington, D.C. - Springfield",Springfield,2.8333,0.4583,"['friendly staff', 'location', 'comfortable', 'good wifi', 'value']","['cleanliness', 'noisy rooms', 'broken', 'slow wifi', 'expensive', 'rude staff']",18
AVwd48qU_7pvs4fz-Kqw,Hyatt Place West Palm Beach/Downtown,West Palm Beach,4.8,0.95,"['friendly staff', 'clean rooms', 'comfortable', 'location', 'food', 'value']",[],10
AVwd4AwpByjofQCxtQ1B,Argosy Casino Hotel Spa,Riverside,3.0,0.5,[],['broken'],1
AVwd4FzV_7pvs4fz-CvU,Hilton Garden Inn Anaheim-Garden Grove,Garden Grove,3.7857,0.6964,"['food', 'friendly staff', 'location', 'clean rooms', 'comfortable']","['small rooms', 'broken', 'cleanliness']",14
AVwd4TMv_7pvs4fz-Ers,Silver Sands Oceanfront Motel,Rockaway Beach,4.0,0.75,"['clean rooms', 'comfortable', 'view']",[],2
AVwd4YrGkufWRAb5-D9i,Longwood Inn,Brookline,4.3333,0.8333,"['comfortable', 'friendly staff', 'location', 'clean rooms']",['expensive'],3
AVwd4encByjofQCxtVBh,Heritage Inn,Searcy,4.0,0.75,"['clean rooms', 'friendly staff', 'location', 'comfortable', 'food', 'good wifi']",['slow wifi'],1
AVwd4kYsIN2L1WUf0DcH,"My Place Hotel-Grand Forks, ND",Grand Forks,4.75,0.9375,"['clean rooms', 'friendly staff', 'comfortable', 'value']",['rude staff'],4
AVwd4mnWkufWRAb5-F-V,Colony Hotel,Palm Beach,4.75,0.9375,"['friendly staff', 'location', 'comfortable']","['noisy rooms', 'small rooms']",4
AVwd520rIN2L1WUf0O-M,Best Western Plus Crown Colony Inn Suites,Lufkin,5.0,1.0,[],[],1
AVwd55xXByjofQCxth8n,Comfort Suites-dodge City,Dodge City,5.0,1.0,['friendly staff'],[],1
AVwd56QJkufWRAb5-Rlk,Econo Lodge,Lynchburg,3.0,0.5,[],[],1
AVwd5A0hIN2L1WUf0HYx,"Country Inn & Suites By Carlson, Bowling Green, KY",Bowling Green,4.6,0.9,"['clean rooms', 'comfortable', 'friendly staff', 'food', 'location', 'value']",[],5
AVwd5Ep5kufWRAb5-KTd,Hampton Inn Bremen-I-20 (Carrollton Area),Bremen,2.0,0.25,[],[],1
AVwd5J11IN2L1WUf0IwM,Budget Inn,Somers Point,5.0,1.0,"['clean rooms', 'friendly staff', 'location']",[],1
AVwd5MP2ByjofQCxtblL,Courtyard Rockaway-Mt. Arlington,Mount Arlington,4.0,0.75,[],[],2
AVwd5W9XkufWRAb5-MxP,Holiday Inn Ames Conference Center At Isu,Ames,4.0,0.75,"['friendly staff', 'clean rooms', 'location']",['small rooms'],2
AVwd5cg-_7pvs4fz-O7r,Residence Inn Tysons Corner,Vienna,4.25,0.8125,"['friendly staff', 'clean rooms', 'food', 'location', 'comfortable', 'value']",['small rooms'],4
AVwd5isBkufWRAb5-ORc,Hilton Garden Inn,Benton Harbor,4.0,0.75,"['clean rooms', 'friendly staff']",[],1
AVwd5l5LkufWRAb5-Oz1,Sunbeam Motel,San Luis Obispo,3.0,0.5,[],['broken'],1
AVwd5pcSByjofQCxtfpr,Courtyard by Marriott Lafayette,Lafayette,5.0,1.0,"['clean rooms', 'comfortable', 'food']",[],1
AVwd69mm_7pvs4fz-cEZ,Courtyard Seattle Federal Way,Federal Way,4.25,0.8125,"['friendly staff', 'comfortable', 'clean rooms', 'location', 'food']",['small rooms'],4
AVwd6GpXByjofQCxtjxX,Comfort Inn,Sylva,4.0,0.75,"['clean rooms', 'friendly staff', 'view']",[],1
AVwd6H96ByjofQCxtj6e,Econo Lodge,Summersville,4.0,0.75,"['friendly staff', 'location', 'food']",[],1
AVwd6MDjIN2L1WUf0SCn,Best Western Twin Islands,Gatlinburg,4.0833,0.7708,"['location', 'clean rooms', 'comfortable', 'friendly staff', 'food', 'view']","['noisy rooms', 'slow wifi', 'cleanliness', 'expensive', 'small rooms', 'broken']",36
AVwd6N7lByjofQCxtkwj,Hampton Inn & Suites Bend,Bend,4.6667,0.9167,"['location', 'clean rooms', 'friendly staff', 'comfortable', 'food']",[],3
AVwd6Smx_7pvs4fz-WXn,Residence Inn Laredo Del Mar,Laredo,5.0,1.0,"['friendly staff', 'clean rooms', 'food', 'location', 'comfortable', 'good wifi']",[],2
AVwd6XyFByjofQCxtmNu,Days Inn - Wytheville,Wytheville,3.6667,0.6667,"['friendly staff', 'clean rooms']",[],3
AVwd6ZvD_7pvs4fz-XZ2,Ramada Urbana/champaign,Urbana,3.3333,0.5833,"['clean rooms', 'friendly staff']",[],3
AVwd6dBSByjofQCxtnAI,Days Inn Wheelersburg Portsmouth,Wheelersburg,1.0,0.0,[],[],1
AVwd6l6qByjofQCxtoVE,Comfort Suites,Knoxville,4.5,0.875,"['clean rooms', 'comfortable', 'food', 'friendly staff', 'location', 'value']",['broken'],12
AVwd6nz4ByjofQCxtopW,Courtyard Las Vegas Convention Center,Las Vegas,3.75,0.6875,"['clean rooms', 'friendly staff', 'location', 'comfortable', 'food']",[],4
AVwd6zYYkufWRAb5-ZPR,Sleep Inn,Gaffney,4.5,0.875,"['comfortable', 'food', 'good wifi']","['slow wifi', 'small rooms']",2
AVwd7-CikufWRAb5-jaK,Courtyard Boston Woburn/Boston North,Woburn,4.3333,0.8333,"['clean rooms', 'friendly staff', 'location', 'comfortable', 'food', 'value']",['small rooms'],12
AVwd7GbG_7pvs4fz-dGp,Quality Inn,Cedar Rapids,3.0,0.5,[],['slow wifi'],1
AVwd7KfcByjofQCxttOJ,Comfort Suites Kansas City-Liberty,Kansas City,4.0,0.75,['comfortable'],[],1
AVwd7XXKkufWRAb5-eHh,Holiday Inn Ft. Lauderdale-Airport,Hollywood,4.0,0.75,"['friendly staff', 'clean rooms', 'comfortable', 'good wifi', 'food', 'location']","['noisy rooms', 'cleanliness']",8
AVwd7bXeIN2L1WUf0dSW,Comfort Inn,Albert Lea,4.6667,0.9167,"['food', 'clean rooms', 'friendly staff', 'comfortable', 'value']",[],3
AVwd7g1FkufWRAb5-fYl,Residence Inn Camarillo,Camarillo,4.25,0.8125,"['comfortable', 'friendly staff', 'location']",['slow wifi'],4
AVwd7jjp_7pvs4fz-hWr,Americas Best Value Inn Texarkana,Texarkana,3.5,0.625,"['clean rooms', 'friendly staff', 'location', 'comfortable']","['slow wifi', 'small rooms']",2
AVwd7mjmkufWRAb5-gJy,Algoma Beach Motel,Algoma,4.0,0.75,"['clean rooms', 'friendly staff', 'comfortable', 'view', 'value']",[],1
AVwd80Xi_7pvs4fz-sc2,Comfort Inn,Columbia,2.5,0.375,"['friendly staff', 'food']",['cleanliness'],2
AVwd8LKkByjofQCxt2bv,Rodeway Inn Suites,Olathe,1.6667,0.1667,[],"['broken', 'cleanliness', 'noisy rooms']",6
AVwd8O2IkufWRAb5-lof,Hampton Inn Suites Lynchburg,Lynchburg,4.6667,0.9167,"['friendly staff', 'location', 'food', 'value', 'clean rooms']",['small rooms'],3
AVwd8lkCkufWRAb5-ovy,Ramada Costa Mesa/Newport Beach,Costa Mesa,5.0,1.0,"['clean rooms', 'friendly staff', 'location', 'food']",[],1
AVwd8pBeIN2L1WUf0oTs,Whispering Woods Resort,Welches,5.0,1.0,"['comfortable', 'friendly staff']",[],2
AVwd8u3IByjofQCxt7iv,Hyatt Place San Antonio-Northwest/Medical Center,San Antonio,4.2222,0.8056,"['friendly staff', 'comfortable', 'food', 'location']","['small rooms', 'cleanliness', 'broken']",9
AVwd8zO8_7pvs4fz-sVz,Hampton Inn Bedford,Bedford,4.0,0.75,"['friendly staff', 'location', 'comfortable', 'view']",[],2
AVwd9-b__7pvs4fz-3Lo,Quality Inn Suites,Wytheville,5.0,1.0,"['clean rooms', 'friendly staff', 'location', 'food']",[],1
AVwd9aCj_7pvs4fz-x4v,Soniat House,New Orleans,4.5,0.875,"['friendly staff', 'comfortable', 'food']",['broken'],2
AVwd9kSvIN2L1WUf0wqP,Heritage Suites,Bradford,4.0,0.75,"['clean rooms', 'friendly staff', 'comfortable']",[],1
AVwd9pz7IN2L1WUf0xla,Harborside Inn,Boston,4.625,0.9062,"['clean rooms', 'friendly staff', 'location', 'view', 'food']",['small rooms'],8
AVwd9tomByjofQCxuElg,Travelodge Inn And Suites Gardena CA,Gardena,3.3333,0.5833,"['clean rooms', 'friendly staff']",['noisy rooms'],3
AVwd9xfEByjofQCxuFF8,Fiesta Henderson Hotel & Casino,Henderson,3.0,0.5,['friendly staff'],[],3
AVwdA4prByjofQCxkmQp,Plaza Motel,Peabody,1.0,0.0,[],['expensive'],1
AVwdA8uskufWRAb51aP5,Best Western Grandma's Feather Bed,Juneau,5.0,1.0,"['friendly staff', 'food', 'clean rooms', 'comfortable']",[],4
AVwdAG-3kufWRAb51R3E,Holiday Inn Express & Suites Sioux Falls Southwest,Sioux Falls,5.0,1.0,"['friendly staff', 'comfortable', 'food']",[],1
AVwdAGHiByjofQCxkete,Siena Suites,Las Vegas,3.8,0.7,"['friendly staff', 'clean rooms']","['cleanliness', 'small rooms']",5
AVwdAGsqkufWRAb51R0n,Hampton Inn Suites Leesburg,Leesburg,4.0,0.75,"['friendly staff', 'food', 'comfortable', 'clean rooms']",[],3
AVwdAJcC_7pvs4fz1PG7,Quality Inn East,Evansville,3.5,0.625,"['clean rooms', 'friendly staff', 'comfortable', 'food']",['broken'],2
AVwdAPPNByjofQCxkfz8,Quality Inn Bedford,Bedford,4.0,0.75,"['clean rooms', 'friendly staff', 'location']",[],1
AVwdARF1ByjofQCxkgDX,La Quinta Inn & Suites Corsicana,Corsicana,5.0,1.0,"['clean rooms', 'friendly staff', 'food', 'value']",[],2
AVwdATBeIN2L1WUfrNqv,"Red Roof Inn Hagerstown Williamsport,",Williamsport,3.0,0.5,['friendly staff'],['broken'],3
AVwdAXQMByjofQCxkg93,Americas Best Value Inn,Middlefield,5.0,1.0,"['clean rooms', 'friendly staff']",[],1
AVwdA_S0IN2L1WUfrUsO,"Holiday Inn Express and Suites Exmore, Eastern Shore",Exmore,3.8333,0.7083,"['food', 'location', 'friendly staff', 'clean rooms']",['rude staff'],6
AVwdAgJo_7pvs4fz1SiX,Brewster By The Sea,Brewster,5.0,1.0,"['comfortable', 'friendly staff', 'food']",[],5
AVwdAo5w_7pvs4fz1T3w,Comfort Suites,Salisbury,2.0,0.25,[],['noisy rooms'],2
AVwdAqADkufWRAb51XJo,Northgate Motel,Conrad,5.0,1.0,[],[],1
AVwdAvuJIN2L1WUfrSA6,Best Western Fort Lauderdale Airport/Cruise Port,Fort Lauderdale,3.7895,0.6974,"['friendly staff', 'food', 'location', 'clean rooms', 'good wifi', 'comfortable']","['cleanliness', 'slow wifi', 'noisy rooms']",19
AVwdAylcIN2L1WUfrSdZ,Hotel Nichols,South Haven,5.0,1.0,"['location', 'food']",[],1
AVwdAzOmByjofQCxklSy,Island Country Inn,Bainbridge Island,2.0,0.25,[],"['cleanliness', 'broken']",3
AVwdAzazByjofQCxklVH,Quality Inn & Suites,Danbury,2.0,0.25,[],[],1
AVwdBGY8IN2L1WUfrV71,Courtyard By Marriott Montvale,Montvale,4.0,0.75,"['food', 'value', 'comfortable', 'friendly staff', 'location', 'clean rooms']",[],6
AVwdBHdI_7pvs4fz1Y6B,Comfort Inn Suites Virginia Beach Oceanfront,Virginia Beach,4.5833,0.8958,"['location', 'friendly staff', 'clean rooms', 'comfortable', 'view', 'food']",['broken'],12
AVwdBKXEkufWRAb51cjV,Red Roof Plus+& Suites Guilford,Guilford,4.5,0.875,"['clean rooms', 'friendly staff', 'food']",[],2
AVwdBMQSByjofQCxkppl,The Mills House Wyndham Grand Hotel,Charleston,4.5172,0.8793,"['location', 'friendly staff', 'food', 'comfortable', 'clean rooms', 'view']","['broken', 'rude staff', 'noisy rooms', 'expensive', 'small rooms', 'cleanliness']",58
AVwdBMcp_7pvs4fz1Zv4,Atlas Motel,Cheyenne,3.0,0.5,"['clean rooms', 'friendly staff', 'food']",['cleanliness'],2
AVwdBQ7sByjofQCxkqax,Econo Lodge Inn Suites,Bettendorf,3.5,0.625,"['friendly staff', 'food']",[],2
AVwdBQMu_7pvs4fz1aWU,Residence Inn Decatur Forsyth,Forsyth,5.0,1.0,"['clean rooms', 'friendly staff']",[],1
AVwdBTWVIN2L1WUfrYF3,Hyatt Place Chantilly Dulles Airport South,Chantilly,2.0,0.25,[],[],1
AVwdBWqF_7pvs4fz1bVz,Wyndham Garden San Jose Silicon Valley,San Jose,3.5556,0.6389,"['friendly staff', 'value', 'clean rooms', 'good wifi', 'comfortable']","['small rooms', 'broken', 'cleanliness', 'slow wifi', 'rude staff']",9
AVwdBbMo_7pvs4fz1cH1,Econo Lodge,Hays,4.0,0.75,[],[],2
AVwdBbw2IN2L1WUfrZjp,Holiday Inn Express Wilkes-barre/scranton (airport),Pittston,3.75,0.6875,"['friendly staff', 'clean rooms', 'location', 'food']",[],4
AVwdBhC1ByjofQCxktMW,Motel 6,Oceanside,4.0,0.75,[],[],1
AVwdBupYkufWRAb51iUK,Comfort Suites Kings Bay Naval Base Area,Kingsland,3.1667,0.5417,"['clean rooms', 'comfortable', 'food', 'friendly staff']",['noisy rooms'],6
AVwdBxN9_7pvs4fz1fhn,Holiday Inn Express San Diego Sea World - Beach Area,San Diego,5.0,1.0,"['friendly staff', 'clean rooms', 'food', 'value']",[],2
AVwdC-utByjofQCxk8Zp,Holiday Inn Express & Suites Greenville,Greenville,4.0,0.75,['comfortable'],[],1
AVwdC0JZkufWRAb51tvP,Ramada Platte City KCI Airport,Platte City,3.1429,0.5357,"['friendly staff', 'clean rooms']","['noisy rooms', 'rude staff']",7
AVwdCEmLByjofQCxkylh,Best Western Adirondack Inn,Lake Placid,3.6667,0.6667,"['friendly staff', 'comfortable', 'food', 'location', 'value']",[],3
AVwdCHqpIN2L1WUfrgbL,Drury Inn Suites St. Louis Convention Center,Saint Louis,5.0,1.0,"['location', 'food', 'clean rooms', 'friendly staff']",[],3
AVwdCh5NkufWRAb51qsC,Admiral's Ocean Inn,Belfast,1.0,0.0,[],['noisy rooms'],2
AVwdCix9kufWRAb51q2n,Element Fargo,West Fargo,5.0,1.0,"['friendly staff', 'comfortable']",[],1
AVwdCuq8ByjofQCxk5zA,Best Western Of Walterboro,Walterboro,3.8,0.7,"['clean rooms', 'friendly staff', 'location', 'comfortable', 'food', 'good wifi']","['slow wifi', 'expensive']",10
AVwdCx0MkufWRAb51tYf,Super 8 Dubois,Dubois,5.0,1.0,"['clean rooms', 'friendly staff', 'comfortable', 'food', 'good wifi']",[],1
AVwdD7o4kufWRAb515wr,Holiday Inn Express & Suites Tupelo,Tupelo,3.0,0.5,[],[],1
AVwdDBHkByjofQCxk81L,La Quinta Inn Mcallen,McAllen,3.5,0.625,"['location', 'friendly staff', 'food', 'value']","['broken', 'noisy rooms']",4
AVwdDDdOkufWRAb51wMB,Golden North Motel,Fairbanks,3.0,0.5,[],"['small rooms', 'broken']",1
AVwdDE1H_7pvs4fz1tWn,Magnuson Grand Hotel,Madison,3.0,0.5,"['friendly staff', 'food']",[],4
AVwdDFx5IN2L1WUfrq4i,Comfort Inn,Poplar Bluff,4.6667,0.9167,"['comfortable', 'clean rooms', 'friendly staff', 'food', 'location']",[],3
AVwdDHwjByjofQCxk99T,Days Inn Jackson,Jackson,3.0,0.5,"['clean rooms', 'friendly staff', 'food']",['broken'],2
AVwdDOFxByjofQCxk_JC,NOPSI Hotel New Orleans,New Orleans,4.1667,0.7917,"['friendly staff', 'location', 'comfortable', 'view', 'food', 'clean rooms']","['small rooms', 'noisy rooms', 'rude staff', 'slow wifi']",12
AVwdDWGe_7pvs4fz1waT,Comfort Suites Historic District,Savannah,5.0,1.0,['value'],[],1
AVwdDZWXkufWRAb510Ab,Best Western Governors Inn & Suites,Wichita,3.6667,0.6667,"['clean rooms', 'comfortable', 'food']",[],3
AVwdDhFSkufWRAb511TE,Bass Harbor Cottages and Country Inn,Bass Harbor,4.0,0.75,"['comfortable', 'view']",[],1
AVwdDi4c_7pvs4fz1yly,Best Western Seven Seas,San Diego,3.5263,0.6316,"['comfortable', 'clean rooms', 'friendly staff', 'value', 'location']","['small rooms', 'slow wifi', 'cleanliness', 'broken', 'noisy rooms']",19
AVwdDngaByjofQCxlDbv,Tupper Lake Motel,Tupper Lake,4.0,0.75,"['clean rooms', 'friendly staff']",[],1
AVwdDpCFByjofQCxlDvC,Sonesta ES Suites Flagstaff,Flagstaff,4.375,0.8438,"['clean rooms', 'location', 'friendly staff', 'food', 'comfortable']",['cleanliness'],8
AVwdE09W_7pvs4fz2Ah9,Super 8 Crawfordsville,Crawfordsville,2.4286,0.3571,"['clean rooms', 'location', 'food', 'value']","['cleanliness', 'noisy rooms']",7
AVwdECc3kufWRAb517A0,Hampton Inn-janesville,Janesville,4.75,0.9375,"['clean rooms', 'food', 'friendly staff', 'location']","['slow wifi', 'noisy rooms', 'small rooms', 'broken']",4
AVwdEH8rByjofQCxlJBS,Inn at El Gaucho,Seattle,5.0,1.0,"['friendly staff', 'location', 'food']",[],3
AVwdEJ47IN2L1WUfr2te,"My Place Hotel-Billings, MT",Billings,5.0,1.0,"['clean rooms', 'comfortable']",[],1
AVwdEQ_i_7pvs4fz16ZU,Bear Creek Lodge,Cass,4.0,0.75,"['comfortable', 'view', 'food', 'good wifi', 'value']",['slow wifi'],1
AVwdETc-_7pvs4fz16y9,Courtyard Louisville Airport,Louisville,5.0,1.0,"['clean rooms', 'friendly staff', 'comfortable', 'food']",[],1
AVwdEeMTkufWRAb51_df,South Congress Hotel,Austin,4.5,0.875,['friendly staff'],[],2
AVwdEex-kufWRAb51_kQ,Village Inn & Suites,Marysville,2.0,0.25,[],"['expensive', 'small rooms']",3
AVwdEhRPkufWRAb51__P,Hampton Inn Waynesboro/Stuarts Draft,Fishersville,4.5,0.875,"['friendly staff', 'comfortable', 'clean rooms', 'view', 'food']",[],2
AVwdEv8UkufWRAb52Cea,Econo Lodge Downtown,Louisville,4.0,0.75,"['location', 'food', 'value']",[],1
AVwdF-vQ_7pvs4fz2MDf,Comfort Inn,Athens,5.0,1.0,['clean rooms'],[],1
AVwdF4LMkufWRAb52NoX,Hampton Inn Union City,Union City,4.6,0.9,"['clean rooms', 'friendly staff', 'food', 'location', 'comfortable', 'value']",[],5
AVwdF54p_7pvs4fz2LL5,Japan House Suites,Coeur d'Alene,4.0,0.75,"['clean rooms', 'comfortable', 'value']",[],1
AVwdF7N0ByjofQCxlbBF,"The Westin Poinsett, Greenville",Greenville,4.3929,0.8482,"['friendly staff', 'food', 'comfortable', 'location', 'value']","['expensive', 'small rooms']",28
AVwdFBBAByjofQCxlSDZ,Orcas Suites At Rosario,Eastsound,5.0,1.0,"['location', 'view', 'food']",[],2
AVwdFC24ByjofQCxlSXA,Wingate By Wyndham-Miramar,Hollywood,5.0,1.0,"['comfortable', 'friendly staff', 'location']",[],2
AVwdFDxLkufWRAb52Fqm,Economy Inn,Beebe,2.0,0.25,[],['slow wifi'],1
AVwdFPOIkufWRAb52Hfs,Pousada Suites,Hollywood,4.0,0.75,"['clean rooms', 'location', 'friendly staff']",[],2
AVwdFU74_7pvs4fz2FjM,Celina Motel,Celina,5.0,1.0,"['clean rooms', 'comfortable']",[],1
AVwdFWbu_7pvs4fz2Fw9,Carlyle Motel,Oklahoma City,3.0,0.5,[],[],1
AVwdFZz6_7pvs4fz2GR2,Oxford Hotel,Bend,5.0,1.0,"['location', 'food', 'friendly staff', 'comfortable']",[],5
AVwdFaMvByjofQCxlVxe,Rodeway Inn,Salina,2.5,0.375,"['friendly staff', 'food', 'value']","['noisy rooms', 'cleanliness', 'rude staff']",2
AVwdFjBOIN2L1WUfsEXH,Rodeway Inn & Suites Boulder Broker,Boulder,3.0,0.5,[],[],1
AVwdFyZ0kufWRAb52Mxf,Residence Inn Jacksonville Butler Boulevard,Jacksonville,3.0,0.5,[],[],1
AVwdG0aT_7pvs4fz2Utt,Best Western Country Inn,Temecula,3.1667,0.5417,"['food', 'clean rooms', 'friendly staff']","['broken', 'expensive', 'noisy rooms']",6
AVwdG4UsIN2L1WUfsSIb,Grand Hyatt Tampa Bay,Tampa,4.6364,0.9091,"['view', 'friendly staff', 'food', 'comfortable', 'location', 'clean rooms']",[],11
AVwdGS8-ByjofQCxlfGE,Hilton Garden Inn Akron,Akron,5.0,1.0,"['clean rooms', 'friendly staff', 'location', 'view', 'food', 'comfortable']",[],2
AVwdGjCeIN2L1WUfsOyu,The Wilderness Inn,Enterprise,4.0,0.75,"['clean rooms', 'comfortable']",[],1
AVwdGlW_ByjofQCxlh1Q,Motel 6 Cave City Ky,Cave City,3.0,0.5,[],[],1
AVwdGlZskufWRAb52U8J,Lifts West Condominium Hotel,Red River,5.0,1.0,"['clean rooms', 'friendly staff', 'location', 'comfortable']",[],2
AVwdGpIjkufWRAb52Vet,Stonersville Hotel,Birdsboro,4.0,0.75,"['comfortable', 'food']",[],1
AVwdGx1kIN2L1WUfsREl,Drury Plaza Hotel Nashville Franklin,Franklin,5.0,1.0,"['friendly staff', 'clean rooms', 'comfortable', 'location', 'food']",[],6
AVwdH0e_IN2L1WUfsbrA,Best Western Palo Duro Canyon Inn Suites,Canyon,3.8889,0.7222,"['clean rooms', 'location', 'comfortable', 'friendly staff', 'food', 'good wifi']","['slow wifi', 'noisy rooms', 'cleanliness', 'broken']",9
AVwdH0qjIN2L1WUfsbtC,Quality Inn & Suites,Tarpon Springs,3.75,0.6875,"['comfortable', 'food', 'friendly staff', 'value', 'clean rooms', 'location']","['broken', 'expensive', 'cleanliness']",8
AVwdHCVR_7pvs4fz2W6e,Hawthorn Suites By Wyndham Oshkosh,Oshkosh,4.0,0.75,"['location', 'comfortable', 'food', 'clean rooms']",[],2
AVwdHWh8kufWRAb52czl,Best Western Plus Executive Suites,Albuquerque,4.375,0.8438,"['clean rooms', 'friendly staff', 'food', 'comfortable', 'location']",['noisy rooms'],8
AVwdHZ8IByjofQCxlqQL,Modern Hotel & Bar,Boise,4.8571,0.9643,"['friendly staff', 'food', 'comfortable', 'clean rooms', 'location']",['small rooms'],7
AVwdHZRhIN2L1WUfsXYe,InterContinental San Francisco,San Francisco,4.6333,0.9083,"['friendly staff', 'location', 'comfortable', 'view', 'clean rooms', 'food']","['slow wifi', 'expensive']",30
AVwdHZjC_7pvs4fz2au_,Suburban Extended Stay Hotel,Fort Myers,4.0,0.75,"['friendly staff', 'clean rooms', 'value']",['broken'],3
AVwdH_hE_7pvs4fz2goy,Hampton Inn Indianapolis/carmel,Carmel,4.5,0.875,"['friendly staff', 'clean rooms', 'comfortable', 'food', 'location', 'value']",[],14
AVwdHbizIN2L1WUfsXto,Scottish Inn,Jackson,1.0,0.0,[],[],1
AVwdHgCJkufWRAb52eW9,Harrison Street Inn,Cannon Beach,3.0,0.5,[],['slow wifi'],1
AVwdHomB_7pvs4fz2dSO,Best Western Plus Columbia North East,Columbia,4.7273,0.9318,"['friendly staff', 'location', 'clean rooms', 'food', 'comfortable', 'value']",['expensive'],11
AVwdHqk9kufWRAb52gKu,Quality Inn Suites,Chattanooga,2.0,0.25,[],[],2
AVwdHxRlIN2L1WUfsbLF,Sunrise Inn,Cooper Landing,4.0,0.75,"['clean rooms', 'value']",[],1
AVwdI8IG_7pvs4fz2p3a,Austin Motel,Austin,4.5,0.875,"['location', 'clean rooms', 'comfortable']",[],2
AVwdICQgByjofQCxlwlP,Sleep Inn,Fayetteville,4.5,0.875,"['food', 'clean rooms', 'comfortable']",['small rooms'],2
AVwdIFXTIN2L1WUfseQO,"The Siena Hotel, Autograph Collection",Chapel Hill,5.0,1.0,"['friendly staff', 'comfortable', 'food']",[],1
AVwdIJ5jkufWRAb52k1c,Holiday Inn Secaucus Meadowlands,Secaucus,4.75,0.9375,"['food', 'clean rooms', 'location', 'comfortable', 'good wifi']","['slow wifi', 'broken']",4
AVwdIKHkIN2L1WUfsfCF,Hampton Inn Tomah,Tomah,4.5,0.875,"['friendly staff', 'food', 'value', 'comfortable']",[],2
AVwdIMU6IN2L1WUfsfYz,Aztec Hotel,Monrovia,1.0,0.0,[],"['cleanliness', 'small rooms', 'broken', 'rude staff']",2
AVwdIPxpkufWRAb52lqx,TownePlace Suites Anaheim Maingate Near Angel Stadium,Anaheim,4.0789,0.7697,"['friendly staff', 'food', 'location', 'clean rooms', 'comfortable', 'value']","['small rooms', 'cleanliness', 'broken', 'slow wifi', 'noisy rooms', 'rude staff']",38
AVwdISUEByjofQCxly66,Residence Inn St. Louis Galleria,Saint Louis,3.5,0.625,"['location', 'value']",[],2
AVwdITNOkufWRAb52mIc,Auburn Travelodge Inn & Suites,Auburn,4.0,0.75,[],[],1
AVwdIiarByjofQCxl1TI,The Westin San Diego Gaslamp Quarter,San Diego,4.5,0.875,"['friendly staff', 'location', 'clean rooms', 'view', 'comfortable', 'good wifi']",['small rooms'],6
AVwdIoEIIN2L1WUfsjZa,Comfort Inn,Bristol,5.0,1.0,"['clean rooms', 'friendly staff']",[],1
AVwdIqa4IN2L1WUfsjxr,Viking Motel,Lodi,3.3333,0.5833,"['clean rooms', 'value']","['noisy rooms', 'cleanliness']",3
AVwdIrXykufWRAb52pvI,"Extended Stay America Washington, D.C. - Alexandria-Landmark",Alexandria,3.0,0.5,"['friendly staff', 'comfortable', 'location']",['broken'],8
AVwdIv-nkufWRAb52qab,National 9 Inn-sand Canyon,Cortez,2.0,0.25,[],"['slow wifi', 'cleanliness']",1
AVwdJ8bqkufWRAb523QF,Roscoe Motor Inn,Coshocton,2.0,0.25,[],['broken'],1
AVwdJEx8kufWRAb52t2p,Courtyard Chicago Deerfield,Deerfield,1.0,0.0,[],['cleanliness'],1
AVwdJJWc_7pvs4fz2sLy,Hampton Inn Bowling Green,Bowling Green,4.1818,0.7955,"['friendly staff', 'clean rooms', 'food', 'comfortable', 'location']","['noisy rooms', 'cleanliness']",11
AVwdJKj3_7pvs4fz2sZ1,Courtyard Philadelphia Plymouth Meeting,Plymouth Meeting,3.6667,0.6667,['friendly staff'],['broken'],3
AVwdJThGkufWRAb52wY1,Econo Lodge Inn Suites,Johnson City,2.0,0.25,[],['cleanliness'],1
AVwdJiRHIN2L1WUfstG2,Holiday Inn Resort Fort Walton Beach,Fort Walton Beach,4.3333,0.8333,"['friendly staff', 'food', 'clean rooms', 'location', 'comfortable']",[],6
AVwdJiqJByjofQCxmAAq,Newark Garden Hotel,Newark,4.6667,0.9167,"['clean rooms', 'friendly staff', 'comfortable', 'food']",[],3
AVwdJnQukufWRAb52zqQ,Church Landing at Mill Falls,Meredith,5.0,1.0,"['clean rooms', 'location', 'view', 'food', 'friendly staff', 'comfortable']",[],3
AVwdJnhj_7pvs4fz2xTN,Urbana Inn & Suites,Urbana,4.0,0.75,"['clean rooms', 'location', 'value']",[],1
AVwdK68UByjofQCxmO2g,Quality Inn Suites Near University,Waco,5.0,1.0,"['friendly staff', 'clean rooms', 'comfortable', 'food', 'location']",[],3
AVwdKCWl_7pvs4fz2152,Wyndham Garden Lafayette,Lafayette,3.6667,0.6667,"['comfortable', 'friendly staff', 'clean rooms', 'food']","['broken', 'slow wifi', 'noisy rooms']",6
AVwdKJeSkufWRAb525Zk,Grey Gables Mansion,Richford,5.0,1.0,"['clean rooms', 'comfortable', 'food']",[],1
AVwdKKpiByjofQCxmGmA,Scotty's Motel,Munising,3.0,0.5,['friendly staff'],['cleanliness'],2
AVwdKLPU_7pvs4fz23YA,EconoLodge,Vineland,1.0,0.0,[],"['broken', 'rude staff']",2
AVwdKPC__7pvs4fz23_5,Hampton Inn Newport News-Yorktown,Newport News,4.5,0.875,"['friendly staff', 'food', 'clean rooms', 'location', 'comfortable']",['noisy rooms'],8
AVwdKYkIkufWRAb5278r,Quality Inn,Kings Mountain,4.0,0.75,"['clean rooms', 'friendly staff', 'comfortable']",[],1
AVwdK_oDIN2L1WUfs82l,Hampton Inn & Suites Denver Ap Gateway Park,Denver,4.625,0.9062,"['friendly staff', 'location', 'food', 'clean rooms', 'comfortable', 'good wifi']",['slow wifi'],8
AVwdKfPSkufWRAb529Gj,Best Western Casino Inn,Vinton,3.0,0.5,[],['small rooms'],1
AVwdKgNv_7pvs4fz26-b,Aloft Denver Downtown,Denver,5.0,1.0,"['clean rooms', 'friendly staff', 'comfortable']",[],1
AVwdKlS8ByjofQCxmLPK,Best Western Dunkirk Fredonia Inn,Dunkirk,4.0,0.75,"['food', 'friendly staff', 'clean rooms', 'comfortable', 'location']",[],6
AVwdKmVNByjofQCxmLae,Parkview Motel,Corning,5.0,1.0,"['clean rooms', 'comfortable']",[],1
AVwdKn0VIN2L1WUfs422,Americas Best Value Inn Jonesville,Jonesville,3.0,0.5,[],[],2
AVwdKp4ZkufWRAb52-2S,Best Western Plus Yacht Harbor Inn,Dunedin,3.8333,0.7083,"['location', 'view', 'food', 'clean rooms', 'friendly staff']",[],6
AVwdKpKWkufWRAb52-u5,Quality Inn,Rolla,4.0,0.75,"['clean rooms', 'comfortable', 'food']",['small rooms'],1
AVwdKtV9ByjofQCxmMmU,Hampton Inn & Suites Dodge City,Dodge City,5.0,1.0,"['friendly staff', 'comfortable', 'food', 'location', 'clean rooms', 'good wifi']",[],6
AVwdKx0OkufWRAb53AHP,Nordic Lodge,Sister Bay,5.0,1.0,"['friendly staff', 'comfortable', 'clean rooms', 'food', 'value']",[],2
AVwdKzRHkufWRAb53ATl,Econo Lodge,Billings,3.0,0.5,"['clean rooms', 'friendly staff']",[],2
AVwdLFvZkufWRAb53DST,Cornstalk Hotel,New Orleans,4.5,0.875,"['friendly staff', 'clean rooms', 'location', 'good wifi', 'comfortable']","['broken', 'slow wifi', 'small rooms', 'cleanliness']",12
AVwdLK44ByjofQCxmRk9,Red Roof Inn Salem,Salem,4.0,0.75,"['clean rooms', 'value']",[],1
AVwdLK4ikufWRAb53EKT,Hilton Garden Inn Harrisburg East,Harrisburg,4.1,0.775,"['friendly staff', 'food', 'clean rooms', 'comfortable', 'location']",[],10
AVwdLMav_7pvs4fz3CHy,SpringHill Suites Las Vegas Convention Center,Las Vegas,5.0,1.0,"['clean rooms', 'friendly staff', 'comfortable', 'food']",[],1
AVwdLRGWByjofQCxmSwQ,Homewood Suites By Hilton Raleigh-durham Ap/research Triangle,Durham,4.0,0.75,"['friendly staff', 'location', 'comfortable', 'food']",[],3
AVwdLZsIkufWRAb53HEC,Best Western Mcdonough Inn & Suites,McDonough,5.0,1.0,"['clean rooms', 'friendly staff', 'comfortable', 'value']",[],1
AVwdLbCR_7pvs4fz3E_E,Hilton Garden Inn Bettendorf/quad Cities,Bettendorf,3.0,0.5,[],['expensive'],1
AVwdLbVWkufWRAb53HVw,Home2 Suites by Hilton Canton,Canton,5.0,1.0,"['friendly staff', 'food', 'comfortable', 'location']",[],2
AVwdLbuu_7pvs4fz3FIK,Central Loop Hotel,Chicago,4.25,0.8125,"['friendly staff', 'location', 'clean rooms', 'food', 'comfortable', 'value']","['slow wifi', 'small rooms', 'expensive', 'rude staff']",20
AVwdLdlp_7pvs4fz3Ffc,Aloft New Orleans Downtown,New Orleans,4.2308,0.8077,"['friendly staff', 'location', 'clean rooms', 'comfortable', 'food', 'view']","['small rooms', 'noisy rooms', 'slow wifi', 'cleanliness']",39
AVwdLgAB_7pvs4fz3F80,Residence Inn Lexington North,Lexington,2.6667,0.4167,"['friendly staff', 'location']",['small rooms'],3
AVwdLgX4ByjofQCxmVs3,Inn at Middletown,Middletown,4.6667,0.9167,"['friendly staff', 'comfortable', 'food', 'location', 'clean rooms']",[],3
AVwdLl_SByjofQCxmWo9,Hampton Inn Springfield,Springfield,4.6,0.9,"['clean rooms', 'friendly staff', 'food', 'location']",['broken'],5
AVwdLoTFkufWRAb53JrG,Pittsburgh Marriott City Center,Pittsburgh,4.3636,0.8409,"['friendly staff', 'location', 'comfortable', 'food', 'clean rooms', 'view']","['noisy rooms', 'expensive']",22
AVwdLpN1kufWRAb53J1z,SpringHill Suites Boise Parkcenter,Boise,5.0,1.0,"['friendly staff', 'location', 'clean rooms', 'food']",[],3
AVwdLsQUkufWRAb53KXI,Catskill Rose Lodging Dining,Mount Tremper,3.6667,0.6667,[],[],3
AVwdLuhokufWRAb53Kua,Hilton Garden Inn Oklahoma City-Bricktown,Oklahoma City,4.7778,0.9444,"['friendly staff', 'clean rooms', 'food', 'location', 'comfortable', 'value']",[],9
AVwdLyGTByjofQCxmYtr,Club Quarters Hotel in Houston,Houston,4.1111,0.7778,"['location', 'friendly staff', 'clean rooms', 'comfortable', 'food', 'value']","['small rooms', 'slow wifi', 'cleanliness', 'broken']",18
AVwdLzgsIN2L1WUftGHN,Kalispell Grand Hotel,Kalispell,4.0,0.75,['comfortable'],[],1
AVwdM1o1_7pvs4fz3VO8,Baymont Inn & Suites Springfield,Springfield,2.6,0.4,"['clean rooms', 'friendly staff', 'comfortable', 'value', 'location']","['cleanliness', 'broken']",5
AVwdM4A4IN2L1WUftRzm,Boulder Creek Lodge Montana,Hall,4.0,0.75,['friendly staff'],[],1
AVwdM8EOByjofQCxmlWu,Americas Best Value Inn Clear Lake,Clear Lake,2.5,0.375,"['clean rooms', 'friendly staff', 'food']","['cleanliness', 'rude staff']",2
AVwdM97P_7pvs4fz3Wl2,Grand Inn,Fullerton,4.0,0.75,"['clean rooms', 'comfortable']",[],2
AVwdME-MIN2L1WUftJCa,Pilot House Inn,Topping,2.0,0.25,[],['small rooms'],1
AVwdME1m_7pvs4fz3Mdy,Days Inn Elk Grove Village/chicago/ohare Airport West,Elk Grove Village,1.0,0.0,[],['cleanliness'],3
AVwdMPMMkufWRAb53Qly,America's Best Inn Suites,Norcross,1.0,0.0,[],[],1
AVwdMQ1dByjofQCxmeAV,St George Motor Inn,Tarzana,2.5,0.375,[],"['rude staff', 'cleanliness', 'broken']",2
AVwdMfstIN2L1WUftNm3,Hotel Royal,New Orleans,4.5,0.875,"['clean rooms', 'friendly staff', 'location']",['small rooms'],2
AVwdMln9_7pvs4fz3SYO,Morristown Hotel Suites,Morristown,1.0,0.0,[],['cleanliness'],1
AVwdMsswkufWRAb53Vy0,ARIA Resort Casino,Las Vegas,4.5036,0.8759,"['friendly staff', 'location', 'comfortable', 'view', 'food', 'clean rooms']","['expensive', 'small rooms', 'cleanliness', 'broken', 'rude staff', 'slow wifi']",139
AVwdMuQ1kufWRAb53WBV,Kings Hotel,Brooklyn,3.5,0.625,"['clean rooms', 'friendly staff', 'location']",[],2
AVwdN3xQIN2L1WUftcHN,Sonesta Es Suites Charlotte,Charlotte,5.0,1.0,"['clean rooms', 'friendly staff', 'comfortable']",[],1
AVwdNApbIN2L1WUftTMk,Microtel Inn Suites by Wyndham Prairie du Chien,Prairie du Chien,4.0,0.75,"['clean rooms', 'food', 'friendly staff', 'good wifi', 'comfortable', 'value']","['slow wifi', 'small rooms']",6
AVwdNLpIIN2L1WUftVK-,Comfort Inn Suites,Cheyenne,4.0,0.75,"['clean rooms', 'friendly staff', 'comfortable', 'food']",[],2
AVwdNRg6_7pvs4fz3aAJ,Hotel 502,Phoenix,3.25,0.5625,"['friendly staff', 'food']","['slow wifi', 'noisy rooms', 'small rooms']",8
AVwdNTvW_7pvs4fz3aW1,Comfort Inn,Bardstown,4.5,0.875,"['clean rooms', 'friendly staff', 'food']",[],2
AVwdNXu9IN2L1WUftXDZ,Prairie Winds Motel,Ellendale,5.0,1.0,"['clean rooms', 'food']",[],1
AVwdNXvcByjofQCxmp6B,Travelodge Knoxville West,Knoxville,2.7143,0.4286,"['value', 'clean rooms', 'friendly staff', 'comfortable']","['broken', 'rude staff']",7
AVwdNYdJ_7pvs4fz3bIW,The Lodge Hotel,Brookeland,4.0,0.75,"['clean rooms', 'friendly staff', 'food']",[],1
AVwdNf0IkufWRAb53eYL,Hampton Inn-saco/biddeford,Saco,4.5,0.875,"['food', 'friendly staff', 'location', 'clean rooms', 'comfortable']",[],4
AVwdNgqSIN2L1WUftYV0,Motel 6 York North,York,2.0,0.25,[],[],1
AVwdNh3b_7pvs4fz3ci8,"Country Inn Suites By Carlson, Richmond I-95 South",Richmond,3.6667,0.6667,"['clean rooms', 'comfortable', 'food', 'friendly staff']",[],3
AVwdNnWSByjofQCxmsJL,Hilton Garden Inn Winchester,Winchester,4.0,0.75,"['comfortable', 'clean rooms', 'friendly staff', 'value']",[],2
AVwdNsjLIN2L1WUftaK1,Best Western Merrimack Valley,Haverhill,3.3333,0.5833,"['food', 'good wifi', 'location']","['cleanliness', 'slow wifi']",6
AVwdO-dDkufWRAb53uJG,Courtyard Charlottesville North,Charlottesville,4.0,0.75,"['clean rooms', 'friendly staff', 'location', 'comfortable']",[],1
AVwdO8_m_7pvs4fz3r-1,Days Inn & Suites Logan,Logan,1.0,0.0,[],['cleanliness'],1
AVwdO9ow_7pvs4fz3sFg,Kiowa Motel,Kiowa,5.0,1.0,[],[],1
AVwdOJKHByjofQCxmyAO,Econo Lodge,Jacksonville,1.6667,0.1667,[],[],3
AVwdOMTvIN2L1WUftfxd,Regency Inn Suites,Pittsburg,5.0,1.0,"['clean rooms', 'friendly staff', 'comfortable', 'good wifi']",[],1
AVwdO_hrkufWRAb53uR-,Americas Best Value Inn Suites Carrollton,Carrollton,3.5,0.625,['clean rooms'],['small rooms'],2
AVwdOclqIN2L1WUfti38,Aloft Arundel Mills,Hanover,4.5,0.875,"['friendly staff', 'food', 'value', 'clean rooms', 'location']",[],6
AVwdOdQNkufWRAb53o6I,Crossland Economy Studios Denver - Thornton,Denver,1.0,0.0,[],['cleanliness'],1
AVwdOfg2_7pvs4fz3nQv,Residence Inn Indianapolis Carmel,Carmel,4.0,0.75,"['clean rooms', 'friendly staff', 'comfortable', 'food']",[],1
AVwdP-kE_7pvs4fz335P,Foothills Motel,Dover Plains,3.0,0.5,[],['broken'],2
AVwdP-nYByjofQCxnHF2,Extended Stay America Fort Worth - Southwest,Fort Worth,2.5,0.375,[],['broken'],2
AVwdP0XqByjofQCxnFOD,Desert Inn Motel,Barstow,3.0,0.5,"['comfortable', 'good wifi']","['slow wifi', 'broken']",2
AVwdPBaX_7pvs4fz3sqC,Fairfield Inn Suites Tyler,Tyler,4.0,0.75,"['clean rooms', 'location', 'food', 'friendly staff', 'comfortable']",[],3
AVwdPOIWIN2L1WUftrRK,"Country Inn & Suites By Carlson, Annapolis,",Annapolis,5.0,1.0,"['friendly staff', 'food', 'comfortable', 'good wifi', 'value', 'clean rooms']",[],2
AVwdPUoeIN2L1WUftsVT,Quality Inn,Shawnee,4.0,0.75,"['friendly staff', 'comfortable', 'food']",[],2
AVwdPZBCIN2L1WUfttNM,The Westin San Jose,San Jose,4.5,0.875,"['food', 'friendly staff', 'good wifi', 'comfortable', 'location']",['cleanliness'],4
AVwdPeLRIN2L1WUftuQB,Red Roof Inn Detroit - Southfield,Southfield,2.0,0.25,"['comfortable', 'value']","['cleanliness', 'small rooms']",4
AVwdPkxWIN2L1WUftviL,Bendel Executive Suites,Lafayette,5.0,1.0,['location'],[],2
AVwdPsyBkufWRAb532b2,Island Time Inn,Bradenton Beach,5.0,1.0,"['clean rooms', 'friendly staff', 'location', 'food']",[],1
AVwdPtI6IN2L1WUftxA0,Neptune Hollywood Beach Hotel,Hollywood,4.4667,0.8667,"['friendly staff', 'location', 'view', 'clean rooms', 'food', 'comfortable']",[],15
AVwdPtvAByjofQCxnEBD,Hyatt Regency Monterey Hotel and Spa on Del Monte Golf Course,Monterey,4.0,0.75,"['clean rooms', 'friendly staff', 'comfortable', 'location']",['slow wifi'],3
AVwdPxoPByjofQCxnEpc,Birchwood Motel,Birchwood,3.5,0.625,"['clean rooms', 'friendly staff', 'location']",[],2
AVwdPyYCByjofQCxnEzt,Best Western Cantebury Inn & Suites,Coralville,2.0,0.25,[],['broken'],2
AVwdQ0dy_7pvs4fz4BqX,Hotel Zelos,San Francisco,4.25,0.8125,"['friendly staff', 'location', 'comfortable', 'clean rooms']",['broken'],4
AVwdQ23e_7pvs4fz4CI-,Econo Lodge,Pittsfield,3.0,0.5,"['clean rooms', 'friendly staff', 'food']",[],2
AVwdQ6jC_7pvs4fz4C1V,Dolphin Key Resort,Cape Coral,4.0,0.75,['location'],[],1
AVwdQNOhByjofQCxnJpN,Comfort Suites Highlands Ranch Denver Tech Center Area,Littleton,4.1429,0.7857,"['clean rooms', 'friendly staff', 'food', 'location']",['broken'],7
AVwdQT-0_7pvs4fz37uD,Comfort Suites,Johnson City,4.0,0.75,"['clean rooms', 'comfortable', 'friendly staff', 'food']",[],4
AVwdQV8AByjofQCxnLGE,Days Inn St. Louis - Lindbergh Boulevard,Saint Louis,4.1667,0.7917,"['friendly staff', 'food', 'comfortable', 'clean rooms', 'value']","['noisy rooms', 'cleanliness']",6
AVwdQXFA_7pvs4fz38Rr,Best Western Regency Inn,Danville,3.0,0.5,[],['slow wifi'],1
AVwdQZikkufWRAb53-mA,Comfort Inn Ballston,Arlington,4.75,0.9375,"['clean rooms', 'comfortable', 'food', 'location']",['small rooms'],4
AVwdQdH8_7pvs4fz39NN,Quality Inn,Russellville,2.0,0.25,[],['cleanliness'],1
AVwdQeSUByjofQCxnMdM,Sleep Inn Suites,Idaho Falls,5.0,1.0,"['friendly staff', 'food', 'clean rooms']",[],2
AVwdQlmrIN2L1WUft68_,Rodeway Inn,Tilton,1.0,0.0,[],[],1
AVwdQtJyIN2L1WUft8Z-,Biddeford Motel,Biddeford,1.0,0.0,[],"['cleanliness', 'rude staff']",1
AVwdQvX-IN2L1WUft81h,Fairway Inn,Elkhart,2.5,0.375,[],"['broken', 'rude staff']",2
AVwdQx2SByjofQCxnQJ6,Best Western Plus Murray Hill Hotel & Suites,New Providence,5.0,1.0,"['clean rooms', 'friendly staff', 'location']",[],1
AVwdR-VR_7pvs4fz4N6s,Pine Cone Motel,Willits,3.0,0.5,[],[],1
AVwdR1DDkufWRAb54OZF,America's Best Value Inn Suites,Mount Pleasant,3.0,0.5,[],[],1
AVwdRH7-_7pvs4fz4FJ5,Hyatt House Pleasanton,Pleasanton,4.6667,0.9167,"['friendly staff', 'food', 'comfortable']",[],3
AVwdRKnh_7pvs4fz4FkJ,Governor's Inn,Tallahassee,3.8,0.7,"['location', 'comfortable']","['small rooms', 'noisy rooms']",5
AVwdRL-jByjofQCxnUmO,Marquee Suites,Lanesboro,5.0,1.0,"['clean rooms', 'location', 'comfortable']",[],1
AVwdRN9o_7pvs4fz4GIn,Courtyard San Antonio SeaWorld¬Æ/Lackland,San Antonio,3.0,0.5,[],[],1
AVwdRR0TByjofQCxnVeZ,Comfort Inn,Lewiston,1.0,0.0,[],[],1
AVwdRVEDByjofQCxnV5R,Economy Inn Suites,Henderson,4.0,0.75,"['clean rooms', 'comfortable', 'friendly staff']",[],2
AVwdRaBO_7pvs4fz4IBU,Alamo Motel,Los Alamos,3.0,0.5,[],[],1
AVwdRcddkufWRAb54KH3,Residence Inn Annapolis,Annapolis,4.5,0.875,"['friendly staff', 'location', 'food', 'clean rooms', 'comfortable']",[],4
AVwdRcg_kufWRAb54KIh,Culver Cove Resort,Culver,2.5,0.375,[],['cleanliness'],2
AVwdRp4DIN2L1WUfuGZZ,Sandy Neck Motel,East Sandwich,4.0,0.75,"['clean rooms', 'location', 'comfortable']",[],1
AVwdRpzaByjofQCxnZQ8,Red Roof Inn Allentown Airport,Allentown,3.1667,0.5417,"['clean rooms', 'comfortable', 'value', 'friendly staff', 'location']","['small rooms', 'cleanliness', 'broken', 'slow wifi']",12
AVwdSAbxByjofQCxndJK,Drury Inn & Suites Atlanta Airport,Atlanta,3.7586,0.6897,"['friendly staff', 'food', 'comfortable', 'clean rooms', 'value', 'location']","['noisy rooms', 'broken', 'small rooms', 'cleanliness', 'slow wifi']",29
AVwdSCQbIN2L1WUfuKk9,The Chocolate Turtle Bed & Breakfast,Corrales,4.7143,0.9286,"['food', 'view', 'comfortable', 'value', 'clean rooms', 'friendly staff']",['small rooms'],7
AVwdSL7dIN2L1WUfuMMQ,Courtyard Columbia,Columbia,4.6667,0.9167,"['friendly staff', 'clean rooms', 'food', 'good wifi', 'location']",['slow wifi'],3
AVwdSP7IIN2L1WUfuMyQ,Cozy Villa Motel,Daytona Beach,5.0,1.0,[],[],1
AVwdSU1lIN2L1WUfuNkO,Staybridge Suites Omaha 80th And Dodge,Omaha,4.0,0.75,['friendly staff'],['rude staff'],1
AVwdSok__7pvs4fz4U5b,Best Western University Inn,Murray,4.5,0.875,"['friendly staff', 'food', 'clean rooms', 'location', 'value']",['small rooms'],4
AVwdSrJx_7pvs4fz4VT2,Travelodge-lax South,El Segundo,3.5,0.625,"['clean rooms', 'friendly staff', 'location']","['noisy rooms', 'cleanliness', 'rude staff']",10
AVwdSsYXkufWRAb54XOJ,Huddle Bay Motel Cottages,Bolton Landing,4.0,0.75,['clean rooms'],[],1
AVwdStur_7pvs4fz4Vw4,Motel 6,Redding,4.0,0.75,['location'],[],1
AVwdSwRLByjofQCxnk5Z,Riviera Motel,Aurora,1.0,0.0,[],"['cleanliness', 'rude staff']",1
AVwdT6nuIN2L1WUfueWU,Home2 Suites by Hilton St. Louis/ Forest Park,Saint Louis,5.0,1.0,"['friendly staff', 'clean rooms', 'location', 'comfortable', 'food']",[],2
AVwdTAuO_7pvs4fz4ZRE,Hampton Inn Suites Springdale,Springdale,5.0,1.0,"['clean rooms', 'friendly staff', 'food']",[],1
AVwdTEyTByjofQCxnojP,Hampton Inn Suites Monroe,Monroe,5.0,1.0,"['friendly staff', 'food']",[],1
AVwdTHcuByjofQCxno_3,Residence Inn Phoenix North/Happy Valley,Phoenix,4.0,0.75,['friendly staff'],[],1
AVwdTMYZ_7pvs4fz4bKf,Holiday Inn Express Suites Northwood,Northwood,4.0,0.75,['friendly staff'],[],1
AVwdTNQcIN2L1WUfuXG6,Days Inn Oklahoma City/Moore,Oklahoma City,4.0,0.75,"['friendly staff', 'clean rooms', 'food', 'comfortable']","['noisy rooms', 'slow wifi']",5
AVwdTQ-eByjofQCxnqoR,Red Roof Inn & Suites Dekalb,DeKalb,3.5,0.625,"['clean rooms', 'friendly staff', 'comfortable', 'value']",['noisy rooms'],2
AVwdTTE3ByjofQCxnrAh,Oxford Suites Boise,Boise,4.5,0.875,"['friendly staff', 'food', 'clean rooms', 'comfortable', 'location', 'value']",[],18
AVwdTauckufWRAb54fIK,Residence Inn San Diego Central,San Diego,5.0,1.0,"['friendly staff', 'location', 'food']",[],1
AVwdTcOPkufWRAb54faJ,Park City Peaks Hotel,Park City,3.0,0.5,[],['broken'],1
AVwdTiJ0_7pvs4fz4er6,Dunes Village Resort,Myrtle Beach,4.5,0.875,"['friendly staff', 'clean rooms', 'food', 'value', 'view', 'comfortable']",[],6
AVwdTtLzByjofQCxnu8i,The Bertram Inn & Conference Center,Aurora,2.0,0.25,[],['slow wifi'],1
AVwdTz_0_7pvs4fz4hYe,Hampton Inn & Suites Rochester/Victor,Victor,4.75,0.9375,"['friendly staff', 'food', 'location', 'value', 'clean rooms', 'comfortable']",['noisy rooms'],4
AVwdUA56ByjofQCxnyMd,Comfort Suites,Fort Wayne,4.6667,0.9167,"['clean rooms', 'friendly staff', 'location', 'comfortable', 'food']",['slow wifi'],3
AVwdUCbxkufWRAb54len,Holiday Inn Express & Suites Lake Placid,Lake Placid,4.0,0.75,"['friendly staff', 'good wifi']",['slow wifi'],1
AVwdUCzsByjofQCxnyg3,SpringHill Suites Paso Robles Atascadero,Atascadero,5.0,1.0,"['clean rooms', 'friendly staff', 'location']",[],1
AVwdUDQhIN2L1WUfufoz,Blackwater Inn Milton,Milton,2.0,0.25,[],['rude staff'],2
AVwdUKE3_7pvs4fz4lE-,Hotel Phillips,Kansas City,4.2,0.8,"['friendly staff', 'comfortable', 'clean rooms', 'good wifi', 'location']","['broken', 'noisy rooms', 'small rooms']",5
AVwdUKJdByjofQCxnzt8,Quality Inn,Terre Haute,4.0,0.75,"['clean rooms', 'friendly staff', 'comfortable', 'food']",[],1
AVwdULI7IN2L1WUfug3B,Hampton Inn Las Vegas North Speedway,North Las Vegas,4.6667,0.9167,"['friendly staff', 'comfortable', 'location', 'clean rooms', 'food']",['rude staff'],3
AVwdUM44_7pvs4fz4leH,Sands Resort,Ocean Shores,1.0,0.0,[],[],1
AVwdUMFYIN2L1WUfuhAe,Comfort Inn,Hadley,2.0,0.25,[],['small rooms'],1
AVwdUZ5-kufWRAb54pRh,"Brisas del Mar, Inn at the Beach",Santa Barbara,4.3333,0.8333,"['friendly staff', 'food', 'clean rooms', 'location', 'comfortable']",[],6
AVwdUbF0IN2L1WUfujkl,Wilbraham Inn,Wilbraham,1.0,0.0,[],['cleanliness'],1
AVwdUgZoByjofQCxn3a3,Days Inn Ames,Ames,1.0,0.0,[],[],1
AVwdUhstkufWRAb54qil,Arrowhead Motel,Burnet,1.0,0.0,[],['cleanliness'],1
AVwdUl7HkufWRAb54rVG,Best Western Plus Kelly Inn Suites,Billings,4.3333,0.8333,"['food', 'friendly staff', 'value', 'clean rooms', 'comfortable', 'good wifi']",['broken'],6
AVwdUmntIN2L1WUfuldh,Courtyard Oakland Airport,Oakland,5.0,1.0,['friendly staff'],[],1
AVwdUtmQByjofQCxn5nB,Courtyard Indianapolis Castleton,Indianapolis,4.0,0.75,"['clean rooms', 'friendly staff', 'location']",[],1
AVwdV1vUkufWRAb544qz,hampton inn Springfield southeast,Springfield,5.0,1.0,"['friendly staff', 'location', 'clean rooms', 'food']",[],2
AVwdV3-D_7pvs4fz43p7,Hampton Inn & Suites Woodstock Va,Woodstock,5.0,1.0,"['clean rooms', 'location', 'value', 'friendly staff']",[],2
AVwdVETiByjofQCxn9Vz,Falls Motel,Black River Falls,5.0,1.0,['food'],[],1
AVwdVFGMByjofQCxn9fU,Days Inn,Davenport,5.0,1.0,"['clean rooms', 'friendly staff', 'view']",[],1
AVwdVHaLByjofQCxn93n,Econo Lodge,Coralville,1.0,0.0,[],['cleanliness'],1
AVwdVX_-kufWRAb54zqj,Wild River Inn,Grants Pass,1.0,0.0,[],['noisy rooms'],2
AVwdVj1eByjofQCxoCf8,Harbor Resort,Westport,3.5,0.625,"['location', 'view']",['rude staff'],2
AVwdVlVNIN2L1WUfuv2g,Koloa Landing Resort,Koloa,2.0,0.25,[],"['cleanliness', 'broken', 'noisy rooms']",2
AVwdVuRoByjofQCxoETr,River Side Motel Marina,Manistee,3.0,0.5,[],['small rooms'],1
AVwdVxHt_7pvs4fz42YS,Courtyard Scranton Wilkes-Barre,Moosic,4.1667,0.7917,"['friendly staff', 'comfortable', 'clean rooms', 'location', 'food']",[],6
AVwdW-aS_7pvs4fz5Dro,Courtyard Gainesville,Gainesville,4.0,0.75,"['location', 'friendly staff', 'comfortable', 'clean rooms']",[],4
AVwdWJtQIN2L1WUfu2X7,Famous Shores Motel,Daytona Beach,4.0,0.75,['location'],[],1
AVwdWKXVIN2L1WUfu2f0,Blue Gables Motel,Buffalo,4.5,0.875,"['friendly staff', 'location', 'comfortable']",[],2
AVwdWptGkufWRAb55Bmj,Comfort Suites Outlet Center,Asheville,3.8,0.7,"['friendly staff', 'clean rooms', 'location', 'comfortable', 'view', 'food']",['small rooms'],5
AVwdX54iIN2L1WUfvJPW,Best Western Designer Inn & Suites,Galena,4.0,0.75,"['friendly staff', 'food']",[],1
AVwdXhEg_7pvs4fz5Jcn,The Captain's Manor Inn,Falmouth,5.0,1.0,"['food', 'location', 'comfortable', 'friendly staff', 'view']",[],5
AVwdXjyV_7pvs4fz5J6n,High Point World Resort,Kissimmee,4.25,0.8125,"['clean rooms', 'friendly staff', 'good wifi']","['slow wifi', 'broken']",4
AVwdXmLw_7pvs4fz5KVd,Hilton Garden Inn Phoenix Airport,Phoenix,5.0,1.0,"['food', 'clean rooms', 'comfortable', 'friendly staff']",[],2
AVwdXngiByjofQCxoZGE,Desert Hills Motel,Tulsa,5.0,1.0,[],[],1
AVwdXptqkufWRAb55MHX,Le Merigot At Tropicana,Evansville,3.0,0.5,[],[],1
AVwdXrDyByjofQCxoZt5,Red Roof Inn & Suites Newark-university,Newark,3.1935,0.5484,"['friendly staff', 'food', 'location', 'value', 'clean rooms', 'comfortable']","['cleanliness', 'broken', 'slow wifi', 'small rooms', 'noisy rooms', 'expensive']",31
AVwdXs1CIN2L1WUfvHA5,Red Lion Inn & Suites McMinnville,McMinnville,3.5714,0.6429,"['friendly staff', 'location', 'clean rooms', 'food']","['rude staff', 'slow wifi']",7
AVwdY9eSByjofQCxonFk,XV Beacon,Boston,5.0,1.0,"['clean rooms', 'friendly staff', 'location', 'comfortable']",[],1
AVwdYBya_7pvs4fz5O1m,Best Western Plus Easton Inn Suites,Easton,5.0,1.0,"['clean rooms', 'comfortable']",[],1
AVwdYDlvIN2L1WUfvKsE,Shore Hotel,Santa Monica,4.0625,0.7656,"['friendly staff', 'location', 'comfortable', 'clean rooms', 'view', 'food']","['small rooms', 'expensive', 'noisy rooms']",32
AVwdYHLfkufWRAb55Q5u,Super 8 Delavan Near Lake Geneva,Delavan,1.0,0.0,[],['cleanliness'],1
AVwdYcSs_7pvs4fz5Sz5,Drury Inn Bowling Green,Bowling Green,4.375,0.8438,"['food', 'friendly staff', 'clean rooms', 'comfortable', 'location']","['small rooms', 'broken']",8
AVwdYhdSkufWRAb55UzN,Quality Inn,Brooksville,5.0,1.0,"['friendly staff', 'location', 'food']",[],2
AVwdYr0EIN2L1WUfvQ7x,Comfort Inn,Wytheville,5.0,1.0,"['friendly staff', 'location', 'comfortable', 'food']",[],1
AVwdYrkeIN2L1WUfvQ5Y,La Quinta Inn & Suites Dallas Grand Prairie South,Grand Prairie,4.25,0.8125,"['friendly staff', 'clean rooms', 'food', 'location']",[],4
AVwdYtHI_7pvs4fz5Vwf,Best Western Executive Inn,Marshall,4.0,0.75,"['clean rooms', 'comfortable', 'food']",['noisy rooms'],2
AVwdYu3LByjofQCxokeB,Best Western Plus Clearfield,Clearfield,4.0,0.75,"['clean rooms', 'friendly staff', 'comfortable']",['broken'],3
AVwdZ1ZHIN2L1WUfvdFu,Best Western Radford Inn,Radford,2.5,0.375,['comfortable'],"['slow wifi', 'small rooms']",4
AVwdZ3LO_7pvs4fz5iKN,Jen's Motel,Center Rutland,1.0,0.0,[],['cleanliness'],1
AVwdZ9a8_7pvs4fz5jLp,Caboose Motel,Titusville,4.0,0.75,"['clean rooms', 'comfortable']",['broken'],1
AVwdZANLIN2L1WUfvUeh,Mamaroneck Motel,Mamaroneck,3.5,0.625,['friendly staff'],[],2
AVwdZCNkkufWRAb55aSK,Courtyard by Marriott Scottsdale Salt River,Scottsdale,5.0,1.0,"['friendly staff', 'comfortable', 'location']",[],2
AVwdZUqUIN2L1WUfvX1-,Fairfield Inn Helena,Helena,5.0,1.0,['friendly staff'],[],1
AVwdZfwJByjofQCxostG,Ramada Louisville Expo Center,Louisville,3.3333,0.5833,[],[],3
AVwdZiL7kufWRAb55fnk,"The Cartwright Hotel - Union Square, BW Premier Collection",San Francisco,2.5,0.375,[],"['small rooms', 'noisy rooms', 'cleanliness']",2
AVwdZqsIkufWRAb55hDe,Rodeway Inn,Long Beach,5.0,1.0,"['clean rooms', 'friendly staff', 'comfortable', 'food', 'location']",[],2
AVwdZtSjkufWRAb55hiZ,Comfort Inn,Asheboro,5.0,1.0,"['clean rooms', 'location', 'comfortable', 'food']",[],1
AVwdZv04ByjofQCxovcE,Savanna Inn & Suites,Savanna,5.0,1.0,['friendly staff'],[],1
AVwd_6YpByjofQCxuXwM,Holiday Inn Express & Suites Atlanta East - Lithonia,Lithonia,5.0,1.0,"['clean rooms', 'comfortable']",[],1
AVwd_9UkkufWRAb5_G8n,Behind The Fence Bed & Breakfast Inn,Brandon,5.0,1.0,[],[],1
AVwd_M1-_7pvs4fz_Cib,Little Creel Resort,Chama,5.0,1.0,['friendly staff'],[],1
AVwd_MEhByjofQCxuRxR,Best Western Post Oak Inn,Burnet,4.2857,0.8214,"['friendly staff', 'clean rooms', 'food', 'comfortable', 'location', 'value']","['broken', 'noisy rooms']",7
AVwd_MPi_7pvs4fz_Cb6,Hotel Evernia,West Palm Beach,2.5,0.375,[],[],2
AVwd_PAVIN2L1WUf0_v7,Sunset Motel,West Springfield,5.0,1.0,"['clean rooms', 'friendly staff']",[],1
AVwd_QZo_7pvs4fz_DHD,Pacific Shores Inn,Morro Bay,3.3571,0.5893,"['comfortable', 'clean rooms', 'friendly staff', 'food', 'value', 'location']","['expensive', 'slow wifi', 'noisy rooms', 'cleanliness', 'broken', 'small rooms']",14
AVwd_WMCkufWRAb5_B7i,Hampton Inn Suites West Des Moines/SW Mall Area,West Des Moines,5.0,1.0,"['clean rooms', 'friendly staff', 'comfortable']",[],1
AVwd_dt-kufWRAb5_Cye,Meadowlands Plaza Hotel,Secaucus,3.6667,0.6667,"['friendly staff', 'food', 'location']",[],3
AVwd_lC3_7pvs4fz_Fqp,Chart House Suites On Clearwater Bay,Clearwater Beach,4.5,0.875,"['friendly staff', 'view', 'location', 'clean rooms']",['small rooms'],4
AVwd_sfHByjofQCxuVyK,Best Western Plus Independence Inn & Suites,Independence,5.0,1.0,[],[],1
AVwda3B-IN2L1WUfvoCd,Quality Inn,Harrisville,4.0,0.75,"['clean rooms', 'friendly staff', 'location', 'comfortable', 'food']",[],1
AVwdaBl_IN2L1WUfve6C,Hampton Baltimore/White Marsh,Nottingham,4.0,0.75,"['clean rooms', 'friendly staff', 'food', 'value']",['small rooms'],4
AVwdaEtSByjofQCxoyfu,Best Western Riverview Inn & Suites,Rahway,3.0,0.5,[],[],1
AVwdaFddIN2L1WUfvfi6,Best Western Danville Inn,Danville,3.7143,0.6786,"['clean rooms', 'friendly staff', 'comfortable', 'food', 'value']","['cleanliness', 'broken', 'slow wifi']",7
AVwdafbo_7pvs4fz5oo0,Econo Lodge South,Petoskey,1.0,0.0,[],['cleanliness'],1
AVwdahWKIN2L1WUfvkQW,Days Inn Milledgeville,Milledgeville,3.0,0.5,[],[],1
AVwdatg0ByjofQCxo5S5,Hampton Inn Hampton-Newport News,Hampton,4.5833,0.8958,"['friendly staff', 'clean rooms', 'food', 'location', 'comfortable']",[],12
AVwdb2TPByjofQCxpFwT,Comfort Inn & Suites,Chesapeake,4.0,0.75,"['clean rooms', 'food']",[],1
AVwdbAUYIN2L1WUfvpoH,Quality Inn Suites Airport,El Paso,3.0,0.5,[],[],1
AVwdbFoBIN2L1WUfvqbg,Hilton Garden Inn Wichita,Wichita,4.375,0.8438,"['clean rooms', 'friendly staff', 'food', 'location', 'comfortable', 'value']",['noisy rooms'],8
AVwdbL8hkufWRAb55xDQ,Holiday Inn Express & Suites Tacoma Downtown,Tacoma,3.5,0.625,"['friendly staff', 'comfortable', 'view', 'clean rooms']",['noisy rooms'],4
AVwdbM6R_7pvs4fz5wdc,Best Western at OHare,Des Plaines,3.75,0.6875,['friendly staff'],['noisy rooms'],4
AVwdbNKPIN2L1WUfvrq6,Extended Stay America Syracuse - Dewitt,East Syracuse,4.0,0.75,"['friendly staff', 'clean rooms', 'value']",[],2
AVwdbNSKByjofQCxo-w3,Hotel La Jolla,La Jolla,3.5,0.625,"['view', 'location', 'food', 'friendly staff', 'good wifi']",['slow wifi'],4
AVwdbPhX_7pvs4fz5w4U,Hampton Inn & Suites Tulsa South-bixby,Tulsa,4.2,0.8,"['friendly staff', 'location', 'clean rooms', 'food', 'comfortable']",['slow wifi'],5
AVwdbTmHIN2L1WUfvs0L,The Bunkhouse Inn,Augusta,5.0,1.0,"['comfortable', 'clean rooms', 'friendly staff', 'view']",[],2
AVwdb_kt_7pvs4fz55eY,Norfolk Country Inn & Suites,Norfolk,2.8333,0.4583,"['food', 'comfortable', 'value', 'clean rooms']","['noisy rooms', 'broken']",6
AVwdbdo_IN2L1WUfvuW5,Candlewood Suites Orange County/Irvine East,Lake Forest,5.0,1.0,['clean rooms'],[],1
AVwdbokNkufWRAb552A2,Redwood Motel,Chandler,4.0,0.75,['clean rooms'],[],1
AVwdbrLrkufWRAb552du,Ramada Plaza Albany,Albany,3.0,0.5,"['clean rooms', 'friendly staff', 'location', 'comfortable']","['small rooms', 'expensive']",3
AVwdcE1CByjofQCxpIZm,Quality Inn Suites Canton,Canton,5.0,1.0,"['clean rooms', 'friendly staff', 'location', 'comfortable']",[],1
AVwdcED3ByjofQCxpIRU,Concord Suites,Avalon,4.5,0.875,"['food', 'friendly staff']",[],2
AVwdcEKL_7pvs4fz56WS,Residence Inn Nashville Brentwood,Brentwood,3.5,0.625,['location'],[],2
AVwdcK7I_7pvs4fz57Qv,Cobblestone Hotel Suites,Seward,5.0,1.0,"['clean rooms', 'friendly staff', 'location', 'food']",[],2
AVwdcQ_1ByjofQCxpKUm,Hampton Inn and Suites Napa,Napa,4.32,0.83,"['friendly staff', 'food', 'location', 'clean rooms', 'comfortable', 'good wifi']","['expensive', 'slow wifi', 'rude staff']",25
AVwdcVLrkufWRAb559k2,Theater Motel,Westfield,3.3333,0.5833,['clean rooms'],"['expensive', 'broken']",3
AVwdcln_IN2L1WUfv6fs,Red Roof Inn Tallahassee,Tallahassee,3.2222,0.5556,"['location', 'comfortable']","['noisy rooms', 'broken', 'small rooms']",9
AVwdco4EIN2L1WUfv7F0,Econo Lodge,Holland,3.0,0.5,[],[],1
AVwdcoHLByjofQCxpODR,Fairfield Inn & Suites Naples,Naples,4.6667,0.9167,"['clean rooms', 'friendly staff', 'value']",[],3
AVwdcoMXIN2L1WUfv6-B,Quality Inn,Ogallala,3.6,0.65,"['friendly staff', 'food']","['small rooms', 'broken']",5
AVwdd0UIkufWRAb56L_a,Lake Pleasant Lodge,Speculator,5.0,1.0,"['friendly staff', 'view']",[],1
AVwddCFckufWRAb56Esb,Extended Stay America - Detroit/Ann Arbor - University South,Ann Arbor,3.0,0.5,[],"['noisy rooms', 'cleanliness', 'small rooms']",2
AVwddCJ5_7pvs4fz6EEg,Candlelight Inn Bed & Breakfast,Ronks,4.0,0.75,"['friendly staff', 'food', 'comfortable', 'clean rooms', 'location']",[],4
AVwddKFFIN2L1WUfwAUo,Sleep Inn,Orangeburg,2.0,0.25,[],"['slow wifi', 'cleanliness', 'noisy rooms']",3
AVwddMfdIN2L1WUfwAue,Royal Suite Lodge,Anchorage,1.0,0.0,[],"['noisy rooms', 'cleanliness']",1
AVwddQuQ_7pvs4fz6GMw,Appletree Inn,Independence,4.0,0.75,"['clean rooms', 'comfortable', 'food']",[],1
AVwddSUNByjofQCxpUr6,Econo Lodge,Pico Rivera,3.0,0.5,[],[],2
AVwddXlaIN2L1WUfwCRd,Kozy Rest Motel,Montello,4.0,0.75,"['clean rooms', 'friendly staff', 'comfortable']",['small rooms'],2
AVwddiIskufWRAb56JOp,Quality Inn Troy,Troy,5.0,1.0,['clean rooms'],[],1
AVwddvtLkufWRAb56LSt,The Colonial Hotel,Gardner,4.0,0.75,"['friendly staff', 'food', 'clean rooms']",[],2
AVwddxakByjofQCxpZKW,Extended Stay America - Atlanta - Perimeter - Hammond Drive,Atlanta,1.0,0.0,[],[],1
AVwddzTXIN2L1WUfwGRK,Super 8 Port Royal/beaufort,Port Royal,2.5,0.375,[],"['small rooms', 'broken']",2
AVwde3QykufWRAb56Vf5,Pasea Hotel & Spa,Huntington Beach,4.5,0.875,['location'],[],2
AVwdeDTyByjofQCxpbxW,Hilton Cleveland Downtown,Cleveland,5.0,1.0,"['clean rooms', 'friendly staff', 'location']",[],1
AVwdeIAvByjofQCxpcdk,Holiday Inn Express Alpharetta - Roswell,Alpharetta,4.5,0.875,"['clean rooms', 'friendly staff', 'food', 'value']",['broken'],2
AVwdeLcmByjofQCxpdDQ,Courtyard Bloomington,Bloomington,3.0,0.5,[],['broken'],1
AVwdeSuv_7pvs4fz6P-E,Motel 6,Oshkosh,5.0,1.0,[],[],1
AVwdeXZTByjofQCxpexg,Comfort Suites Alamo/River walk,San Antonio,4.6667,0.9167,"['friendly staff', 'location', 'clean rooms', 'food', 'comfortable']",['noisy rooms'],9
AVwdeXtd_7pvs4fz6Qul,Hampton Inn-lincolnton,Lincolnton,5.0,1.0,"['clean rooms', 'friendly staff', 'comfortable', 'food']",[],1
AVwde_7zByjofQCxpkZ_,Comfort Suites,Troy,5.0,1.0,"['food', 'value', 'clean rooms', 'good wifi', 'friendly staff']",[],2
AVwdedYBByjofQCxpfhj,Hat City Tavern,Danbury,5.0,1.0,"['location', 'food', 'comfortable', 'clean rooms', 'friendly staff']",[],3
AVwdeg90_7pvs4fz6R13,Best Western Granbury Inn Suites,Granbury,3.3333,0.5833,"['friendly staff', 'clean rooms', 'location', 'comfortable', 'food']",['small rooms'],3
AVwdeqUbkufWRAb56TrI,"Motel 6 Lake Charles, LA",Lake Charles,2.0,0.25,[],['noisy rooms'],1
AVwdeqacIN2L1WUfwOT5,Staybridge Suites Chantilly Dulles Airport,Chantilly,4.0,0.75,"['comfortable', 'friendly staff', 'food', 'clean rooms']",[],5
AVwdf2GAkufWRAb56ehu,Motel 6 Santa Fe - Cerrillos Road South,Santa Fe,2.0,0.25,"['clean rooms', 'value']",['noisy rooms'],3
AVwdfEPTByjofQCxpk_E,Best Western Canal Winchester Inn - Columbus South East,Canal Winchester,3.6,0.65,"['friendly staff', 'clean rooms', 'food']",['expensive'],5
AVwdfLgKIN2L1WUfwTDo,Extended Stay America Atlanta - Duluth,Duluth,2.75,0.4375,"['location', 'good wifi', 'friendly staff', 'food']","['slow wifi', 'small rooms']",4
AVwdfPyT_7pvs4fz6Ygv,Chalet Inn,Gatlinburg,3.0,0.5,[],[],2
AVwdfQaMkufWRAb56ZBj,Wheels Motel,Greybull,4.5,0.875,"['clean rooms', 'comfortable', 'friendly staff']",['broken'],2
AVwdfUT2_7pvs4fz6ZGu,The London West Hollywood,West Hollywood,4.3793,0.8448,"['friendly staff', 'food', 'view', 'comfortable', 'location']","['noisy rooms', 'broken', 'expensive']",29
AVwdfXNekufWRAb56Z8V,"Country Inn & Suites By Carlson, Ames, IA",Ames,4.6667,0.9167,"['friendly staff', 'food', 'clean rooms', 'comfortable', 'location']",[],3
AVwdf_AlByjofQCxpuGj,Daytona Shores Inn And Suites,Daytona Beach,2.6667,0.4167,"['clean rooms', 'friendly staff']",[],3
AVwdf_nC_7pvs4fz6fvN,Holiday Inn Express Clermont,Clermont,3.0,0.5,"['clean rooms', 'friendly staff']","['noisy rooms', 'broken']",2
AVwdfcZsByjofQCxpop-,Best Western Inn of Nacogdoches,Nacogdoches,4.5,0.875,"['food', 'clean rooms']",['expensive'],2
AVwdfd9zIN2L1WUfwV0M,Suburban Extended Stay Hotel,Port Arthur,5.0,1.0,['friendly staff'],[],1
AVwdfegEkufWRAb56a_N,"Country Inn & Suites By Carlson, Prairie du Chien",Prairie du Chien,4.0,0.75,"['comfortable', 'food']",['broken'],1
AVwdfibV_7pvs4fz6bKn,Indian Lodge,Fort Davis,4.0,0.75,"['clean rooms', 'location', 'comfortable', 'good wifi']","['slow wifi', 'broken']",1
AVwdfpBRByjofQCxpqoc,Viking Motel,Portland,5.0,1.0,"['clean rooms', 'friendly staff', 'location']",[],1
AVwdfryv_7pvs4fz6cj_,Quality Inn,Sierra Vista,3.5,0.625,"['clean rooms', 'friendly staff', 'location', 'comfortable', 'value']",['broken'],2
AVwdfya-IN2L1WUfwY7B,My Place Hotel-dickinson Nd,Dickinson,2.0,0.25,[],[],1
AVwdg97PkufWRAb56pfv,Hampton Inn Suites Lake Mary At Colonial Townpark,Lake Mary,4.1667,0.7917,"['friendly staff', 'food', 'location', 'clean rooms']",['noisy rooms'],6
AVwdgDBZIN2L1WUfwbss,Comfort Suites,Lafayette,3.0,0.5,"['location', 'comfortable', 'food']",[],2
AVwdgJGY_7pvs4fz6hRC,Four Points By Sheraton Chicago O'hare Airport,Schiller Park,4.0,0.75,['friendly staff'],['broken'],1
AVwdgPJD_7pvs4fz6iSB,Best Western Premier Crown Chase Inn & Suites,Denton,5.0,1.0,"['friendly staff', 'clean rooms', 'comfortable', 'food', 'location']",[],5
AVwdgPN-IN2L1WUfwdw4,Carroll Motel Cottages,Twin Mountain,5.0,1.0,"['clean rooms', 'comfortable', 'friendly staff', 'food']",[],2
AVwdgSq2IN2L1WUfweSG,"Drury Inn Suites Jackson, MO",Jackson,5.0,1.0,"['friendly staff', 'clean rooms', 'comfortable', 'food', 'location', 'good wifi']",[],5
AVwdgZzEByjofQCxpydr,Laura Lodge,Coalinga,3.5,0.625,"['clean rooms', 'comfortable']",['broken'],2
AVwdggVGIN2L1WUfwgeD,Alpine Motel,Abingdon,3.6667,0.6667,"['clean rooms', 'comfortable', 'view', 'good wifi', 'value']","['small rooms', 'slow wifi', 'broken']",3
AVwdgx7y_7pvs4fz6nah,Best Western Plus Deridder Inn & Suites,DeRidder,4.0,0.75,"['clean rooms', 'friendly staff', 'location', 'comfortable']",[],1
AVwdh6K4ByjofQCxqA0x,Seacrest Oceanfront Hotel,Pismo Beach,4.5122,0.878,"['friendly staff', 'view', 'food', 'location', 'clean rooms', 'comfortable']","['noisy rooms', 'slow wifi', 'small rooms']",41
AVwdhGiz_7pvs4fz6qjS,Quality Inn,Orange City,2.75,0.4375,"['food', 'location']","['cleanliness', 'slow wifi']",4
AVwdhNIDByjofQCxp6FY,Hotel Red,Madison,4.5,0.875,"['location', 'food', 'clean rooms', 'friendly staff', 'comfortable']",['noisy rooms'],12
AVwdhaD_ByjofQCxp8Ff,The Hideout Lodge Guest Ranch,Shell,5.0,1.0,"['clean rooms', 'comfortable', 'food']",[],2
AVwdhhJP_7pvs4fz6u1m,Hampton Inn Suites Blythe,Blythe,4.5,0.875,"['clean rooms', 'food', 'comfortable', 'friendly staff', 'location']",[],2
AVwdhhar_7pvs4fz6u49,Super 8 Forney,Forney,3.5,0.625,"['clean rooms', 'friendly staff', 'comfortable']",[],2
AVwdhhvR_7pvs4fz6u8C,The Charles Hotel,Cambridge,4.6923,0.9231,"['friendly staff', 'location', 'comfortable', 'food', 'clean rooms', 'view']",['small rooms'],13
AVwdhoAukufWRAb56wPX,Kelleys Island Venture Resort,Kelleys Island,4.0,0.75,"['clean rooms', 'friendly staff', 'comfortable', 'view']",[],1
AVwdhpyykufWRAb56wlT,Indigo Inn,Charleston,4.0,0.75,"['food', 'location', 'clean rooms', 'comfortable', 'friendly staff', 'value']","['cleanliness', 'small rooms', 'noisy rooms']",7
AVwdhqELIN2L1WUfwrpG,Comfort Inn & Suites,Washington,2.0,0.25,[],[],1
AVwdhv9bIN2L1WUfwsbJ,Courtyard Boston Andover,Andover,4.5,0.875,"['comfortable', 'clean rooms', 'location', 'friendly staff', 'food']",[],2
AVwdi6wZ_7pvs4fz68lI,Relax Inn,Oakley,5.0,1.0,"['clean rooms', 'comfortable']",[],1
AVwdiEWP_7pvs4fz60Lc,The Capri Hotel,Ojai,3.3333,0.5833,"['comfortable', 'food']","['cleanliness', 'broken']",3
AVwdiI4k_7pvs4fz6013,Pioneer Motel and Cottages,Cherokee,4.5,0.875,"['comfortable', 'clean rooms', 'friendly staff', 'view']",[],2
AVwdiJBp_7pvs4fz603a,Best Western Of Hope,Hope,5.0,1.0,['value'],[],1
AVwdiL2cIN2L1WUfwwW9,Residence Inn Fort Worth Cultural District,Fort Worth,4.0,0.75,"['friendly staff', 'comfortable']",[],4
AVwdiQCbIN2L1WUfwxIt,Comfort Suites-regency Park,Cary,4.3333,0.8333,"['clean rooms', 'comfortable', 'food', 'friendly staff', 'location']",[],3
AVwdiY_dkufWRAb563jq,Hilton Garden Inn Buffalo Downtown,Buffalo,4.0,0.75,"['friendly staff', 'clean rooms', 'location', 'comfortable', 'value']",[],3
AVwdiiNakufWRAb564_3,Hilton Garden Inn Tallahassee Central,Tallahassee,4.1,0.775,"['friendly staff', 'location', 'clean rooms', 'food', 'comfortable']","['expensive', 'cleanliness', 'small rooms']",10
AVwdik7FByjofQCxqHmQ,Git's Big Sky Motel,Columbus,3.0,0.5,[],[],1
AVwdiqKWByjofQCxqIWs,Best Western Plus Rama Inn,Redmond,3.5,0.625,"['clean rooms', 'friendly staff', 'location', 'comfortable', 'food', 'good wifi']","['noisy rooms', 'slow wifi']",6
AVwdirvhkufWRAb566YH,Americas Best Value Inn & Suites-eureka,Eureka,5.0,1.0,"['clean rooms', 'friendly staff', 'location']",[],1
AVwdis24IN2L1WUfw1tE,Best Western Lake Conroe Inn,Montgomery,4.25,0.8125,"['friendly staff', 'comfortable', 'food', 'clean rooms', 'view', 'location']",['noisy rooms'],4
AVwditu0_7pvs4fz66oo,The Eleven Inn,Balmorhea,4.4,0.85,"['friendly staff', 'clean rooms', 'comfortable', 'value']",[],5
AVwdiv_oIN2L1WUfw2ST,Best Western Greentree Inn & Suites,Oklahoma City,5.0,1.0,['friendly staff'],[],1
AVwdj5J_kufWRAb57GTN,Rodeway Inn,Gainesville,1.5,0.125,[],"['cleanliness', 'broken']",2
AVwdjJDaIN2L1WUfw53Z,The Benson Hotel,Portland,4.3478,0.837,"['food', 'friendly staff', 'comfortable', 'clean rooms', 'location', 'value']","['small rooms', 'broken', 'noisy rooms']",23
AVwdjKWnIN2L1WUfw6Er,Motel 6 Grand Rapids - Airport,Grand Rapids,3.0,0.5,[],[],1
AVwdjQc8IN2L1WUfw66M,Wingate by Wyndham Frisco,Frisco,1.0,0.0,[],[],1
AVwdjT8ckufWRAb57AZm,Ramona Lake Cabins,Red Feather Lakes,4.0,0.75,"['comfortable', 'view']",[],1
AVwdjTj2_7pvs4fz7ATC,Baymont Inn & Suites Celebration,Kissimmee,3.5938,0.6484,"['food', 'friendly staff', 'clean rooms', 'location', 'comfortable', 'good wifi']","['broken', 'cleanliness', 'noisy rooms', 'slow wifi', 'small rooms']",32
AVwdjWln_7pvs4fz7As6,Americas Best Value Inn Suites Grand Island,Grand Island,5.0,1.0,"['clean rooms', 'friendly staff', 'comfortable', 'food']",[],1
AVwdj_8FIN2L1WUfxCf1,Days Inn Perry Near Fairgrounds,Perry,2.0,0.25,[],['cleanliness'],2
AVwdjdgQIN2L1WUfw8zO,The Norwood Inn,Norwood,5.0,1.0,"['comfortable', 'friendly staff', 'location']",[],2
AVwdjhx2IN2L1WUfw9fj,The Mountain Inn,Killington,3.0,0.5,"['clean rooms', 'friendly staff', 'location', 'comfortable']",[],2
AVwdjn76ByjofQCxqRer,Courtyard Phoenix North/Happy Valley,Phoenix,4.0,0.75,"['clean rooms', 'friendly staff', 'food', 'value']",[],1
AVwdjz2H_7pvs4fz7FZA,Nobu Hotel at Caesars Palace,Las Vegas,5.0,1.0,"['location', 'comfortable', 'clean rooms', 'friendly staff']",[],2
AVwdk4zOByjofQCxqeEN,Motel 6 Atlanta Downtown,Atlanta,3.4545,0.6136,"['location', 'friendly staff', 'clean rooms', 'value', 'comfortable', 'food']","['noisy rooms', 'expensive', 'broken', 'small rooms']",11
AVwdkA2NByjofQCxqVnd,McMenamins Hotel Oregon,McMinnville,3.5,0.625,"['friendly staff', 'food', 'location']",['small rooms'],8
AVwdkDeyByjofQCxqWDs,Cinnamon Morning Bed & Breakfast,Albuquerque,5.0,1.0,"['location', 'comfortable']",[],1
AVwdkDuP_7pvs4fz7H-Z,Microtel Inn Suites by Wyndham Columbus/Near Fort Benning,Columbus,3.9,0.725,"['food', 'friendly staff', 'clean rooms', 'location', 'comfortable', 'good wifi']","['rude staff', 'small rooms']",10
AVwdkIHeIN2L1WUfxD0o,Courtyard Newport News Airport,Newport News,5.0,1.0,"['clean rooms', 'friendly staff', 'location', 'comfortable']",[],2
AVwdkR_b_7pvs4fz7KEE,Crowne Plaza Columbus-Downtown,Columbus,4.4286,0.8571,"['clean rooms', 'friendly staff', 'location', 'food', 'comfortable', 'view']",['slow wifi'],7
AVwdkZON_7pvs4fz7LES,Econo Lodge,Escanaba,5.0,1.0,"['clean rooms', 'friendly staff', 'food']",[],1
AVwdkc9TIN2L1WUfxG-M,Grand Prix Motel,Daytona Beach,4.6667,0.9167,"['friendly staff', 'clean rooms']",['broken'],3
AVwdkcM1IN2L1WUfxG34,Courtyard Boston Marlborough,Marlborough,4.0,0.75,"['clean rooms', 'friendly staff']",['noisy rooms'],1
AVwdkhgoByjofQCxqanu,Hampton Inn Sulphur/Lake Charles Area,Sulphur,5.0,1.0,['friendly staff'],[],2
AVwdkhh-kufWRAb57MTg,Motel 6 Jaiden & Jiya LLC,Elk City,2.0,0.25,[],['cleanliness'],2
AVwdkiahkufWRAb57MdV,Coconut Waikiki Hotel,Honolulu,4.2571,0.8143,"['friendly staff', 'location', 'food', 'clean rooms', 'view', 'comfortable']","['small rooms', 'broken', 'noisy rooms', 'slow wifi', 'expensive']",35
AVwdkoMR_7pvs4fz7NUN,Econo Lodge,Cornersville,1.5,0.125,[],"['small rooms', 'broken', 'cleanliness']",2
AVwdksXZByjofQCxqcX2,La Quinta Inn & Suites Butte,Butte,4.4,0.85,"['friendly staff', 'comfortable', 'clean rooms', 'food', 'good wifi', 'location']",['slow wifi'],5
AVwdkucOkufWRAb57OSJ,Empress Hotel,New Orleans,1.6667,0.1667,[],['broken'],6
AVwdl0hzByjofQCxqnsx,Silver Sands Beach Resort,Key Biscayne,2.0,0.25,[],[],1
AVwdl53PIN2L1WUfxVsK,Red Roof Inn Rockford,Rockford,3.625,0.6562,"['comfortable', 'clean rooms', 'good wifi', 'value', 'friendly staff']","['small rooms', 'slow wifi', 'rude staff']",8
AVwdlCwiIN2L1WUfxMwl,Staybridge Suites Lincoln Northeast,Lincoln,4.5,0.875,"['clean rooms', 'friendly staff']",[],2
AVwdlSxoIN2L1WUfxPPR,Tropicana Motel,Wauchula,2.0,0.25,[],"['rude staff', 'broken']",2
AVwdlfmy_7pvs4fz7Vnl,Riviera Resort & Marina,DeLand,5.0,1.0,"['view', 'friendly staff', 'comfortable']",[],2
AVwdlvhPIN2L1WUfxT4z,Comfort Suites,Warner Robins,5.0,1.0,[],[],1
AVwdlxF6ByjofQCxqnI2,Hampton Inn & Suites Dallas/Cockrell Hill I-30,Dallas,4.5,0.875,"['friendly staff', 'food', 'location', 'comfortable', 'clean rooms', 'value']",[],4
AVwdlzJ5ByjofQCxqnfu,Americas Best Value Inn - Corpus Christi/Port Aransas,Port Aransas,4.0,0.75,"['friendly staff', 'location', 'comfortable', 'value']",[],1
AVwdm9yoByjofQCxqzbY,Econo Lodge,Findlay,2.5,0.375,[],[],2
AVwdmCSR_7pvs4fz7bSd,Best Western Cordelia Inn,Fairfield,3.6,0.65,"['friendly staff', 'food', 'clean rooms', 'location']",[],5
AVwdmE-MByjofQCxqqV1,Hampton Inn Chicago Downtown/N Loop/Michigan Ave,Chicago,3.8571,0.7143,"['clean rooms', 'friendly staff', 'location', 'food', 'comfortable']",['noisy rooms'],7
AVwdmG6pByjofQCxqqlD,San Ramon Marriott,San Ramon,4.0,0.75,"['friendly staff', 'location', 'clean rooms', 'comfortable', 'food', 'view']",[],5
AVwdmUJzByjofQCxqs0x,Chalet Moosehead Lakefront Motel,Greenville Junction,5.0,1.0,"['friendly staff', 'value']",[],1
AVwdmVn6IN2L1WUfxaEp,Sanibel Inn,Sanibel,3.875,0.7188,"['friendly staff', 'location', 'view', 'clean rooms', 'comfortable', 'food']",['cleanliness'],8
AVwdmYcsIN2L1WUfxahW,Best Western Plus Burleson Inn Suites,Burleson,3.5,0.625,"['clean rooms', 'friendly staff', 'food']","['small rooms', 'slow wifi']",2
AVwdmbC0_7pvs4fz7fLt,Hilton Garden Inn Shreveport Bossier City,Bossier City,5.0,1.0,"['friendly staff', 'clean rooms', 'location', 'food']",[],4
AVwdmeaRByjofQCxqubL,Drury Plaza Hotel Indianapolis Carmel,Indianapolis,5.0,1.0,"['friendly staff', 'food']",[],1
AVwdmfCq_7pvs4fz7fzs,Best Western Fostoria Inn Suites,Fostoria,4.5,0.875,"['comfortable', 'location', 'food', 'clean rooms', 'friendly staff']",[],2
AVwdmhR8IN2L1WUfxb7b,Best Western Yuba City Inn,Yuba City,3.0,0.5,[],['noisy rooms'],1
AVwdmiPGByjofQCxqvFW,Holiday Inn Express White House,White House,4.0,0.75,"['clean rooms', 'friendly staff', 'location', 'comfortable', 'food']",[],1
AVwdmkH7IN2L1WUfxcbW,Best Western Lake Okeechobee,Okeechobee,3.0,0.5,"['clean rooms', 'food']","['slow wifi', 'expensive']",2
AVwdmqiy_7pvs4fz7hqD,Holiday Inn Express and Suites,Farmington,4.0,0.75,[],['noisy rooms'],1
AVwdms0k_7pvs4fz7iCg,Best Western Plus Lake Elsinore Inn & Suites,Lake Elsinore,4.5,0.875,"['clean rooms', 'friendly staff', 'location', 'food', 'comfortable', 'view']",['slow wifi'],2
AVwdms1L_7pvs4fz7iCm,Comfort Inn,Wheelersburg,5.0,1.0,"['clean rooms', 'friendly staff', 'food']",[],1
AVwdmsxgIN2L1WUfxd2g,Drury Inn & Suites St Louis Fenton,Fenton,5.0,1.0,"['friendly staff', 'food', 'value']",[],1
AVwdn97zIN2L1WUfxqJg,Comfort Inn Red Hook,Brooklyn,5.0,1.0,"['clean rooms', 'friendly staff', 'food']",[],1
AVwdnFyXIN2L1WUfxhsE,Comfort Inn,Springfield,5.0,1.0,"['clean rooms', 'friendly staff', 'comfortable', 'food']",[],1
AVwdnUivByjofQCxq2vk,Inn On The Bayou,Lake Charles,4.0,0.75,"['clean rooms', 'location']",[],1
AVwdnVT4_7pvs4fz7oQP,Prospector Motel,Grand Junction,4.0,0.75,['clean rooms'],[],1
AVwdncSbByjofQCxq31y,Fairfield Inn Bozeman,Bozeman,3.0,0.5,"['clean rooms', 'friendly staff']",['expensive'],2
AVwdngfxkufWRAb57pgM,Hyatt Place Milford,Milford,4.5,0.875,"['clean rooms', 'food', 'friendly staff', 'comfortable', 'location']","['small rooms', 'noisy rooms']",6
AVwdnk8DByjofQCxq5QQ,Hawthorn Suites By Wyndham Tyler,Tyler,3.0,0.5,[],[],1
AVwdnkMSByjofQCxq5IK,Alpine River Suites,Helen,5.0,1.0,"['clean rooms', 'friendly staff', 'comfortable', 'food']",[],1
AVwdntpgByjofQCxq6jV,Hotel Warner,West Chester,4.6667,0.9167,"['friendly staff', 'location', 'food', 'clean rooms', 'comfortable']",[],3
AVwdnweuIN2L1WUfxn_p,Comfort Inn Lucky Lane,Flagstaff,3.6667,0.6667,"['friendly staff', 'location', 'comfortable']",[],3
AVwdnzQxkufWRAb57sZn,Comfort Suites-independence,Independence,4.25,0.8125,"['clean rooms', 'location', 'food', 'friendly staff', 'comfortable']",[],4
AVwdo1c0ByjofQCxrFpl,Budget Inn,Russellville,1.0,0.0,[],['rude staff'],1
AVwdo3L8_7pvs4fz73Bd,Best Western Blackwell Inn,Blackwell,5.0,1.0,"['clean rooms', 'friendly staff', 'location', 'comfortable', 'food']",[],1
AVwdo7qA_7pvs4fz73x2,Bluffside Motel,Sister Bay,4.0,0.75,['friendly staff'],[],1
AVwdoF_SkufWRAb57vLK,Aloft Bolingbrook,Bolingbrook,5.0,1.0,['food'],[],1
AVwdoNzaIN2L1WUfxsq5,Campus Inn Motel,Baraboo,3.0,0.5,[],['broken'],1
AVwdoQnd_7pvs4fz7xO4,Home2 Suites by Hilton Edmond,Edmond,4.5,0.875,"['clean rooms', 'friendly staff', 'food', 'comfortable', 'value']","['cleanliness', 'small rooms']",4
AVwdoQs4IN2L1WUfxtHH,Chelsea Savoy Hotel,New York,4.0,0.75,"['clean rooms', 'friendly staff', 'view']",[],2
AVwdoTo5IN2L1WUfxtjk,Best Western Springfield West Inn,West Springfield,4.3333,0.8333,"['clean rooms', 'friendly staff', 'food', 'view']",[],3
AVwdoWqX_7pvs4fz7yJs,Ambassador Hotel,Milwaukee,2.8,0.45,"['friendly staff', 'food']","['broken', 'cleanliness']",5
AVwdoZ4oByjofQCxrBgf,The Lodge At Russell,Russell,2.0,0.25,[],"['cleanliness', 'broken']",1
AVwdodCOkufWRAb57y5T,BEST WESTERN Westfield Inn,Westfield,3.6667,0.6667,"['friendly staff', 'food', 'location', 'comfortable']",['noisy rooms'],3
AVwdogRjByjofQCxrCe9,Royal Motel,Prairieville,1.0,0.0,[],"['rude staff', 'cleanliness']",2
AVwdopzekufWRAb570nR,Palmeiras Beach Club at Grove Isle,Miami,1.0,0.0,[],['rude staff'],1
AVwdouC6ByjofQCxrEh-,Courtyard Seattle Downtown/Lake Union,Seattle,4.0909,0.7727,"['friendly staff', 'location', 'food', 'view', 'comfortable', 'clean rooms']","['slow wifi', 'expensive', 'small rooms', 'rude staff', 'broken']",22
AVwdov0JIN2L1WUfxx7p,Quality Inn,Raynham,3.0,0.5,[],[],1
AVwdp57LIN2L1WUfx9jx,Residence Inn Allentown Bethlehem/Lehigh Valley Airport,Bethlehem,5.0,1.0,"['friendly staff', 'clean rooms', 'comfortable']",[],3
AVwdpG8dIN2L1WUfx1ku,Comfort Inn Suites,Sioux Falls,4.6667,0.9167,"['clean rooms', 'friendly staff', 'food', 'comfortable', 'value']",[],3
AVwdpQVj_7pvs4fz77D7,Gateway Lodge,Cooksburg,4.8,0.95,"['food', 'friendly staff', 'clean rooms']",[],5
AVwdpSmZIN2L1WUfx3Ti,Motel 6,Elkton,2.5,0.375,"['clean rooms', 'friendly staff', 'food']",['noisy rooms'],2
AVwdpW3VIN2L1WUfx33i,Residence Inn Dallas Richardson,Richardson,5.0,1.0,"['friendly staff', 'location']",[],1
AVwdp_FrkufWRAb58CGu,Best Western West Hills Inn,Chadron,5.0,1.0,"['clean rooms', 'friendly staff', 'location', 'comfortable']",[],1
AVwdp_SbIN2L1WUfx-UO,Days Inn Reading Wyomissing,Reading,3.75,0.6875,"['location', 'comfortable', 'friendly staff']",[],4
AVwdpk-ckufWRAb579_P,Baymont Inn & Suites Tampa near Busch Gardens / USF,Tampa,3.1429,0.5357,"['friendly staff', 'value', 'clean rooms', 'food', 'comfortable', 'location']","['slow wifi', 'noisy rooms', 'cleanliness']",14
AVwdpmKskufWRAb57-Mw,Mills Park Hotel,Yellow Springs,5.0,1.0,"['food', 'value', 'friendly staff']",[],2
AVwdps4gkufWRAb57_RI,Americas Best Value Inn Grand Junction,Grand Junction,4.0,0.75,"['clean rooms', 'friendly staff', 'good wifi']",['slow wifi'],1
AVwdptatkufWRAb57_Vx,Best Western Empire Towers,Sioux Falls,3.6667,0.6667,"['food', 'friendly staff', 'comfortable', 'clean rooms', 'good wifi']","['noisy rooms', 'cleanliness', 'slow wifi']",6
AVwdq1C9ByjofQCxrZiT,Caribbean Resort By The Ocean,Hollywood,3.8,0.7,"['location', 'view', 'clean rooms']",[],5
AVwdqAsJByjofQCxrRZ9,The Fargo Inn Suites,Fargo,3.5,0.625,"['clean rooms', 'food', 'friendly staff', 'value', 'comfortable']",['broken'],4
AVwdqDNv_7pvs4fz8DVi,Hilltop Motel,International Falls,4.0,0.75,[],['small rooms'],1
AVwdqGSCByjofQCxrSX9,University Inn Corvallis,Corvallis,5.0,1.0,['clean rooms'],[],1
AVwdqHqOIN2L1WUfx_tW,Rodeway Inn Boardwalk,Atlantic City,2.0,0.25,[],"['slow wifi', 'small rooms']",2
AVwdqHqb_7pvs4fz8ECS,Shamrock Country Inn,Shamrock,5.0,1.0,"['clean rooms', 'comfortable', 'value']",[],1
AVwdqNIvIN2L1WUfyAk0,Fairfield Inn & Suites Louisville Downtown,Louisville,3.625,0.6562,"['friendly staff', 'location', 'food', 'clean rooms', 'value']",['cleanliness'],8
AVwdqhloIN2L1WUfyDeb,The Parkside Inn,Santa Barbara,3.0,0.5,[],[],2
AVwdqlz8kufWRAb58IKh,Holiday Inn Express & Suites Austin South,Austin,4.6667,0.9167,"['clean rooms', 'location', 'friendly staff', 'food', 'comfortable']",[],3
AVwdqueOIN2L1WUfyFlr,Carroll House,Fullerton,5.0,1.0,[],[],1
AVwdqySTkufWRAb58KM0,Best Western Plus Wilmington/Carolina Beach,Wilmington,4.0,0.75,"['clean rooms', 'location', 'food']","['noisy rooms', 'cleanliness']",5
AVwdrHtckufWRAb58Ncf,Super 8 Columbia,Columbia,3.0,0.5,[],[],1
AVwdrL71kufWRAb58ONY,Baton Rouge Marriott,Baton Rouge,3.0,0.5,[],['expensive'],3
AVwdrRT__7pvs4fz8PwS,Best Western Inn of Chandler,Chandler,4.0,0.75,"['clean rooms', 'location', 'comfortable', 'food']",[],1
AVwdrUH9IN2L1WUfyLtz,Morongo Casino Resort & Spa,Cabazon,4.0,0.75,['comfortable'],[],1
AVwdreRhkufWRAb58RD3,Best Western Plus Goodman Inn & Suites,Horn Lake,4.0,0.75,"['clean rooms', 'friendly staff', 'location']",[],2
AVwdrmkuByjofQCxrhQ_,Courtyard by Marriott Medford Airport,Medford,4.0,0.75,"['clean rooms', 'location', 'comfortable', 'food']",[],1
AVwdrngDByjofQCxrhXl,Best Western Plus Stevenson Manor,Calistoga,4.3333,0.8333,"['location', 'comfortable', 'friendly staff', 'view', 'food']",[],3
AVwdruEyByjofQCxriTe,Best Western Beacon Inn,Grand Haven,5.0,1.0,"['friendly staff', 'location', 'food', 'clean rooms']",[],2
AVwdrvBRIN2L1WUfyPyy,Vagabond Inn Sunnyvale,Sunnyvale,3.25,0.5625,[],"['expensive', 'noisy rooms']",4
AVwds1X4ByjofQCxrskC,Red Mill Inn,Lewes,3.0,0.5,[],[],1
AVwds2jfkufWRAb58dgU,Hollywood Inn Express South,Los Angeles,2.25,0.3125,"['location', 'food', 'clean rooms']","['rude staff', 'cleanliness', 'expensive', 'noisy rooms']",8
AVwdsAlbIN2L1WUfySgQ,Thunderbird Motel,Elko,4.0,0.75,"['clean rooms', 'comfortable', 'food']",['small rooms'],2
AVwdsLHMByjofQCxrmsd,"Home2 Suites By Hilton Philadelphia-Convention Center, Pa",Philadelphia,4.2222,0.8056,"['friendly staff', 'location', 'food', 'clean rooms', 'comfortable', 'good wifi']","['rude staff', 'slow wifi', 'expensive']",18
AVwdslPrIN2L1WUfyXgP,1906 Lodge At Coronado Beach,Coronado,5.0,1.0,"['clean rooms', 'comfortable', 'food']",[],1
AVwdso0wByjofQCxrqzS,The Bay Motel,Superior,4.0,0.75,"['friendly staff', 'comfortable', 'view']",['expensive'],1
AVwdspn9ByjofQCxrq7r,Clevedale Historic Inn And Gardens,Spartanburg,5.0,1.0,['friendly staff'],[],1
AVwdsyjikufWRAb58c4a,Klondike Ranch,Buffalo,5.0,1.0,[],[],1
AVwdt0G9ByjofQCxr1sW,Hampton Inn Suites Conroe I45 North,Conroe,3.0,0.5,"['friendly staff', 'food']",[],2
AVwdtGOAByjofQCxrvBc,Sheraton Kansas City Hotel at Crown Center,Kansas City,4.0444,0.7611,"['friendly staff', 'location', 'clean rooms', 'comfortable', 'food', 'view']","['slow wifi', 'noisy rooms', 'expensive', 'broken', 'small rooms', 'rude staff']",45
AVwdtNL9IN2L1WUfydWO,Tourest Motel,Peru,2.0,0.25,[],"['slow wifi', 'small rooms', 'broken']",1
AVwdtaiekufWRAb58i0E,Loews Portofino Bay Hotel at Universal Orlando,Orlando,4.0,0.75,"['clean rooms', 'friendly staff', 'location']",[],2
AVwdtqsX_7pvs4fz8l0Z,Days Inn Portage,Portage,2.6667,0.4167,['comfortable'],"['small rooms', 'slow wifi', 'broken']",3
AVwdtuoFByjofQCxr08w,Element Denver Park Meadows,Lone Tree,4.0,0.75,"['comfortable', 'friendly staff', 'food', 'location', 'clean rooms', 'view']",['small rooms'],5
AVwdu0Vh_7pvs4fz8v7G,Super 8 Vandalia/dayton International Airport,Vandalia,3.25,0.5625,"['friendly staff', 'comfortable', 'clean rooms']","['cleanliness', 'broken']",4
AVwdu0kjIN2L1WUfyryf,Nites Inn,Barstow,2.0,0.25,[],['rude staff'],1
AVwduLVFByjofQCxr4uw,Four Points by Sheraton Jacksonville Baymeadows,Jacksonville,3.6667,0.6667,"['friendly staff', 'comfortable', 'food', 'clean rooms']",['cleanliness'],6
AVwduO_tByjofQCxr5Q9,Thompson's Motel Inc,Franklin,5.0,1.0,['friendly staff'],[],1
AVwduU_iByjofQCxr6Ak,Esmeralda Inn,Chimney Rock,5.0,1.0,"['food', 'friendly staff', 'clean rooms', 'view', 'comfortable']",[],8
AVwdu_VMIN2L1WUfytWX,Best Western Kenosha Inn,Broken Arrow,4.5,0.875,"['friendly staff', 'clean rooms', 'location']",[],2
AVwduatUkufWRAb58rWL,Best Western Plus Springfield Airport Inn,Springfield,4.3333,0.8333,"['location', 'clean rooms', 'friendly staff', 'value']",['small rooms'],3
AVwduvE2IN2L1WUfyrFI,Best Western Plus Grand Island Inn Suites,Grand Island,5.0,1.0,"['clean rooms', 'comfortable', 'food', 'friendly staff']",[],2
AVwdv0jykufWRAb584cG,Liberty Inn,Winfield,5.0,1.0,[],[],1
AVwdvAQP_7pvs4fz8xub,Hampton Inn Suites Kansas City-Country Club Plaza,Kansas City,4.1667,0.7917,"['clean rooms', 'friendly staff', 'food', 'comfortable', 'location']",['noisy rooms'],6
AVwdvBEu_7pvs4fz8x1n,Holiday Inn Express & Suites Butte,Butte,4.0,0.75,"['clean rooms', 'comfortable', 'view']",[],2
AVwdvDXGByjofQCxsAiz,Days Inn & Suites Madison,Madison,4.0,0.75,"['clean rooms', 'food']",[],1
AVwdvE4j_7pvs4fz8yXN,Best Western Orange Plaza,Orange,4.0,0.75,"['friendly staff', 'clean rooms', 'location', 'comfortable']",[],2
AVwdvL1OIN2L1WUfyvMB,Residence Inn Omaha Downtown/Old Market Area,Omaha,5.0,1.0,"['friendly staff', 'clean rooms', 'food', 'comfortable']",[],6
AVwdvb98kufWRAb580xX,Comfort Inn Traverse City,Traverse City,3.8,0.7,"['clean rooms', 'friendly staff', 'comfortable', 'good wifi', 'food']",['broken'],5
AVwdvbRAByjofQCxsD7W,Comfort Suites,El Paso,3.6667,0.6667,"['friendly staff', 'location', 'comfortable', 'food']","['broken', 'cleanliness']",6
AVwdvr5fIN2L1WUfyz7F,Holiday Inn Express & Suites Fond Du Lac,Fond du Lac,4.0,0.75,"['clean rooms', 'comfortable', 'friendly staff', 'food']",[],3
AVwdvtxJIN2L1WUfy0QV,Hotel Lincoln,Chicago,4.25,0.8125,"['location', 'friendly staff', 'comfortable', 'clean rooms', 'view']","['small rooms', 'broken', 'cleanliness', 'expensive']",8
AVwdw3lv_7pvs4fz9DOJ,The Restoration,Charleston,4.7692,0.9423,"['friendly staff', 'food', 'location', 'comfortable', 'clean rooms']","['rude staff', 'broken']",13
AVwdw5x6ByjofQCxsSDz,The Herrick Lodge,Union Dale,3.0,0.5,[],[],1
AVwdwFIEkufWRAb587Ef,The Westport Inn,Westport,4.0,0.75,"['friendly staff', 'food']",[],2
AVwdwNXh_7pvs4fz89G4,Best Western Old Mill Inn,Omaha,3.2,0.55,[],"['broken', 'small rooms']",5
AVwdwSj0ByjofQCxsMhE,Super 8 Freeport,Freeport,4.0,0.75,"['friendly staff', 'location']",[],1
AVwdwXySByjofQCxsNWW,Hampton Inn Erie-South,Erie,4.5,0.875,"['friendly staff', 'food', 'clean rooms', 'location', 'comfortable', 'value']",['small rooms'],12
AVwdx4G6IN2L1WUfzI1o,Beach Comber Inn,Pismo Beach,5.0,1.0,"['friendly staff', 'location']",[],1
AVwdxAJGByjofQCxsTCV,Best Western Inn,Florence,5.0,1.0,"['food', 'location', 'clean rooms', 'friendly staff']",[],2
AVwdxBZ4kufWRAb59Do2,Larkspur Landing Renton,Renton,4.6667,0.9167,"['friendly staff', 'comfortable', 'food', 'value']",[],3
AVwdxLDrIN2L1WUfzCEi,Comfort Inn Suites,Pittsburg,5.0,1.0,"['clean rooms', 'food', 'friendly staff', 'comfortable', 'location']",[],3
AVwdxO0qkufWRAb59Ft6,MainStay Suites,Chattanooga,5.0,1.0,"['comfortable', 'good wifi']",[],1
AVwdxVLG_7pvs4fz9Hv-,SpringHill Suites Denver North/Westminster,Broomfield,4.1667,0.7917,"['food', 'comfortable', 'friendly staff', 'clean rooms', 'good wifi', 'location']",['slow wifi'],6
AVwdxcGQByjofQCxsXWr,Fairfield Inn Kankakee Bourbonnais,Bourbonnais,4.5,0.875,"['clean rooms', 'friendly staff', 'location', 'food']",[],2
AVwdxdJM_7pvs4fz9Iyg,Top Hat Motel,Wisconsin Dells,4.0,0.75,"['clean rooms', 'friendly staff', 'good wifi']",['cleanliness'],2
AVwdxgWbkufWRAb59IJa,Hampton Inn Hilton Head,Hilton Head Island,4.0,0.75,"['food', 'friendly staff', 'location', 'clean rooms', 'value']","['broken', 'slow wifi', 'rude staff']",8
AVwdxxNYByjofQCxsad0,Best Western Plus Arlington North Hotel Suites,Grand Prairie,4.5,0.875,"['clean rooms', 'location', 'comfortable', 'food', 'friendly staff', 'value']",[],4
AVwdy5fJIN2L1WUfzST5,Best Western Pinedale Inn,Pinedale,4.0,0.75,"['clean rooms', 'comfortable']",[],1
AVwdyADJIN2L1WUfzJ7X,The Varden Hotel,Long Beach,4.7857,0.9464,"['friendly staff', 'clean rooms', 'location', 'comfortable', 'food', 'value']",['small rooms'],14
AVwdyBCp_7pvs4fz9N1Z,Hampton Inn Macomb,Macomb,3.5,0.625,"['clean rooms', 'friendly staff', 'comfortable', 'food']",[],2
AVwdyY1akufWRAb59QM1,Hampton Inn Suites Greenville/Spartanburg I-85,Duncan,4.6667,0.9167,"['food', 'clean rooms', 'friendly staff', 'comfortable', 'location']",[],3
AVwdyZUu_7pvs4fz9RT9,Solvang Inn Cottages,Solvang,3.5,0.625,"['comfortable', 'value']",['noisy rooms'],2
AVwdyc9j_7pvs4fz9RyA,Best Western Superstition Springs Inn,Mesa,5.0,1.0,"['clean rooms', 'friendly staff']",[],1
AVwdygbvIN2L1WUfzOvF,Omni Royal Orleans,New Orleans,4.5,0.875,"['friendly staff', 'location', 'clean rooms', 'comfortable', 'food', 'view']","['expensive', 'broken', 'noisy rooms', 'rude staff', 'small rooms', 'slow wifi']",44
AVwdyngyIN2L1WUfzPtS,La Conner Country Inn,La Conner,4.3333,0.8333,"['clean rooms', 'food', 'friendly staff', 'comfortable']",[],3
AVwdyqou_7pvs4fz9Tv6,Holiday Inn Express & Suites Eureka,Eureka,5.0,1.0,"['friendly staff', 'food', 'clean rooms', 'location']",[],2
AVwdzNR8_7pvs4fz9YR4,Wingate by Wyndham San Marcos,San Marcos,3.0,0.5,[],[],1
AVwdzZRj_7pvs4fz9ZsP,Rodeway Inn,Carlisle,2.3333,0.3333,"['clean rooms', 'comfortable']",[],3
AVwdzgUU_7pvs4fz9as9,Cotulla Motel,Cotulla,5.0,1.0,"['clean rooms', 'comfortable']",[],1
AVwdzqms_7pvs4fz9cNO,Hampton Inn Elkins,Elkins,4.5,0.875,"['view', 'value', 'clean rooms', 'friendly staff', 'food', 'comfortable']",[],4
AVwdzuct_7pvs4fz9czc,Beacon Hill Hotel and Bistro,Boston,4.0,0.75,['friendly staff'],['noisy rooms'],1
AVweA6RkkufWRAb5_PYs,Best Western-woodstock Inn,Woodstock,4.5,0.875,"['friendly staff', 'food', 'clean rooms', 'comfortable', 'good wifi', 'value']",[],4
AVweADoNByjofQCxuZD0,"Country Inn & Suites By Carlson, Marinette, WI",Marinette,3.0,0.5,[],[],1
AVweAboOkufWRAb5_LD7,Desert Lodge,Palm Springs,1.75,0.1875,"['clean rooms', 'friendly staff', 'location', 'comfortable']","['small rooms', 'cleanliness', 'broken']",4
AVweAcN3ByjofQCxuchu,Lake Allatoona Inn,Cartersville,2.0,0.25,[],[],1
AVweAlEkkufWRAb5_MLJ,Hampton Inn Concord/Bow,Bow,4.6667,0.9167,"['friendly staff', 'clean rooms', 'location', 'food', 'comfortable']",[],6
AVweAopYIN2L1WUf1Lu4,Beverly Garden Suites,Beverly,5.0,1.0,"['clean rooms', 'friendly staff', 'comfortable', 'value']",[],2
AVweAqEb_7pvs4fz_PEY,Comfort Inn Duncansville - Altoona,Duncansville,4.25,0.8125,"['friendly staff', 'comfortable', 'food', 'clean rooms', 'location', 'good wifi']",[],4
AVweBE1ZByjofQCxuiP3,The Saga Motor Hotel,Pasadena,3.0,0.5,[],['broken'],2
AVweBIRTByjofQCxuiyk,Econo Lodge,Richmond,1.0,0.0,[],['rude staff'],1
AVweBb9uIN2L1WUf1TLF,Fairfield Inn Appleton,Appleton,5.0,1.0,"['clean rooms', 'friendly staff', 'food']",[],1
AVweBbVfByjofQCxuldA,SpringHill Suites Los Angeles LAX/Manhattan Beach,Hawthorne,4.75,0.9375,"['comfortable', 'food', 'friendly staff', 'location', 'clean rooms', 'good wifi']",['small rooms'],4
AVweBlu1ByjofQCxum6C,Fairwinds Inn,Goodlettsville,4.3333,0.8333,"['friendly staff', 'value', 'location', 'clean rooms', 'comfortable', 'good wifi']",[],3
AVweBokS_7pvs4fz_YJ2,Hampton Inn Suites Lavonia,Lavonia,5.0,1.0,['food'],[],1
AVweBrj-IN2L1WUf1Ve9,Sleep Inn Suites,Dublin,4.0,0.75,"['clean rooms', 'friendly staff', 'comfortable']",['noisy rooms'],1
AVweBsLZIN2L1WUf1VmW,SpringHill Suites Naples,Naples,4.6667,0.9167,"['clean rooms', 'comfortable', 'friendly staff', 'food', 'value', 'location']",['expensive'],6
AVweBt7ekufWRAb5_Ww6,Comfort Suites,Richmond,5.0,1.0,"['clean rooms', 'comfortable']",[],1
AVweBvbiIN2L1WUf1WH9,Hampton Inn & Suites Denver Tech Center,Denver,4.1538,0.7885,"['friendly staff', 'clean rooms', 'comfortable', 'location', 'value', 'food']","['slow wifi', 'broken', 'noisy rooms', 'cleanliness', 'small rooms']",13
AVweC4uK_7pvs4fz_jw_,Hilton Garden Inn Jacksonville Downtown Southbank,Jacksonville,4.3333,0.8333,"['friendly staff', 'location', 'comfortable', 'value', 'food', 'good wifi']","['slow wifi', 'broken']",6
AVweC5sZByjofQCxuzI-,Econo Lodge Inn Suites,Tilton,3.0,0.5,[],['cleanliness'],1
AVweCDuDkufWRAb5_Z1N,Hampton Inn Houston Deer Park Ship Area,Deer Park,2.6667,0.4167,['location'],['noisy rooms'],3
AVweCH9H_7pvs4fz_cp3,Best Western Skyline Motor Lodge,Lakeview,4.5,0.875,"['clean rooms', 'comfortable', 'food', 'friendly staff']",['small rooms'],2
AVweCHqUIN2L1WUf1Zlj,Budget Inn Express-grand Forks,Grand Forks,1.0,0.0,[],['cleanliness'],1
AVweCJCoByjofQCxusEc,Sonoran Suites of San Diego,Vista,5.0,1.0,"['clean rooms', 'comfortable']",[],3
AVweCO4p_7pvs4fz_dfn,Hilton Garden Inn Ithaca,Ithaca,5.0,1.0,"['friendly staff', 'location', 'comfortable', 'clean rooms']",[],5
AVweCPjtkufWRAb5_bTI,Holiday Inn Express & Suites Columbus - Polaris Parkway,Columbus,5.0,1.0,[],[],1
AVweCSRe_7pvs4fz_d_D,Park Place Inn,Jonesboro,1.0,0.0,[],[],1
AVweCV17IN2L1WUf1bj3,Executive Inn,Brookshire,1.0,0.0,[],[],1
AVweCYS4kufWRAb5_cle,Quality Inn,Bowling Green,4.0,0.75,"['friendly staff', 'location', 'food']",[],2
AVweCk9q_7pvs4fz_gzl,Fireside Motel,Yachats,4.6,0.9,"['friendly staff', 'comfortable', 'view', 'location']",[],5
AVweD0WxkufWRAb5_pfZ,The Roosevelt Hotel,Seattle,4.3333,0.8333,"['friendly staff', 'location', 'clean rooms', 'comfortable', 'food']",['small rooms'],3
AVweDJhdIN2L1WUf1i63,Longhorn Motel,Boise City,1.0,0.0,[],[],1
AVweDZahByjofQCxu3Oh,San Francisco Marriott Marquis,San Francisco,4.6667,0.9167,"['friendly staff', 'location', 'comfortable', 'food', 'good wifi']",['slow wifi'],9
AVweDc0gkufWRAb5_mQM,Holiday Inn Express & Suites Fresno (River Park) Hwy 41,Fresno,5.0,1.0,"['friendly staff', 'comfortable', 'food', 'clean rooms']",[],4
AVweDf9RByjofQCxu4G9,Oxford Suites Silverdale,Silverdale,5.0,1.0,"['friendly staff', 'view', 'clean rooms', 'location', 'comfortable', 'food']",[],2
AVweDfpkkufWRAb5_mr_,My Place Hotel-pasco Wa,Pasco,4.0,0.75,"['clean rooms', 'comfortable', 'friendly staff', 'location', 'good wifi']",['slow wifi'],4
AVweDjqmkufWRAb5_nSL,"Ambassador Hotel Oklahoma City, Autograph Collection",Oklahoma City,4.1667,0.7917,"['friendly staff', 'clean rooms', 'location', 'food']",['rude staff'],6
AVweDmY3ByjofQCxu45r,Hampton Inn Suites Minneapolis/Downtown,Minneapolis,4.6667,0.9167,"['friendly staff', 'location', 'clean rooms', 'food', 'comfortable']",[],6
AVweDsvnByjofQCxu50y,Berry Pond Motel,Moultonborough,5.0,1.0,"['clean rooms', 'friendly staff', 'location', 'value']",[],1
AVweDv0bIN2L1WUf1n5A,Holiday Inn Express Windsor Sonoma Wine Country,Windsor,3.0,0.5,[],['expensive'],2
AVweE3AI_7pvs4fz_0iG,Atlantic Cove,Ormond Beach,4.0,0.75,"['clean rooms', 'friendly staff', 'comfortable', 'view']",[],4
AVweE6M6IN2L1WUf1xr2,Crowne Plaza Hotel Nashua,Nashua,3.5556,0.6389,"['food', 'clean rooms', 'friendly staff', 'comfortable', 'good wifi', 'location']",['small rooms'],9
AVweEGK3IN2L1WUf1q4c,Days Inn Kokopelli Sedona,Sedona,3.5,0.625,"['clean rooms', 'food']",[],4
AVweEIzaIN2L1WUf1rPT,Log Cabin Motel,Salina,3.0,0.5,[],"['slow wifi', 'broken']",1
AVweERJikufWRAb5_tYe,Bed and Breakfast Inn Seattle,Seattle,5.0,1.0,"['clean rooms', 'friendly staff', 'comfortable', 'food']",[],1
AVweEY5PkufWRAb5_uXF,Residence Inn Macon,Macon,4.0,0.75,"['friendly staff', 'comfortable']",[],1
AVweEflb_7pvs4fz_xiB,Hampton Inn Orange City,Orange City,5.0,1.0,"['clean rooms', 'friendly staff', 'comfortable', 'food', 'value']",[],1
AVweEl_IkufWRAb5_v-l,Best Western Mt. Pleasant Inn,Mount Pleasant,4.0,0.75,"['clean rooms', 'friendly staff', 'food', 'value']",[],3
AVweEpAl_7pvs4fz_yxU,Aloft Greenville Downtown,Greenville,5.0,1.0,"['friendly staff', 'value']",[],1
AVweEv4N_7pvs4fz_znl,Baymont Inn & Suites Bridgeport/frankenmuth,Bridgeport,3.25,0.5625,['good wifi'],"['noisy rooms', 'slow wifi', 'small rooms']",4
AVweF8PNIN2L1WUf16nQ,Mattituck Motel,Mattituck,5.0,1.0,"['clean rooms', 'friendly staff']",[],1
AVweFB7p_7pvs4fz_18I,Hampton Inn Suites Ardmore,Ardmore,5.0,1.0,"['clean rooms', 'food']",[],1
AVweFFJ8_7pvs4fz_2Z6,Urbana Landmark Hotel,Urbana,3.0,0.5,[],[],1
AVweFhzX_7pvs4fz_6aX,Crooked Hook Resort,Mountain Home,5.0,1.0,['friendly staff'],[],1
AVweFm3I_7pvs4fz_7Hu,Lamplight Motel,Lavallette,5.0,1.0,"['comfortable', 'friendly staff']",[],2
AVweFwX2IN2L1WUf15Bx,Quality Inn,LaGrange,5.0,1.0,[],[],1
AVweG6dMIN2L1WUf2DYu,Hampton Inn West Palm Beach Central Airport,West Palm Beach,4.8333,0.9583,"['friendly staff', 'clean rooms', 'location', 'food', 'comfortable']",[],6
AVweG6e1_7pvs4fzAG7n,Metro Points Hotel-Washington North,Hyattsville,3.703,0.6757,"['friendly staff', 'food', 'location', 'clean rooms', 'comfortable', 'value']","['broken', 'cleanliness', 'slow wifi', 'noisy rooms', 'rude staff', 'small rooms']",202
AVweGDqg_7pvs4fz__Kt,Homewood Suites By Hilton Lancaster,Lancaster,5.0,1.0,"['friendly staff', 'comfortable']",[],1
AVweGHNYByjofQCxvOix,Best Western Gardens Hotel At Joshua Tree National Park,Twentynine Palms,4.6,0.9,"['comfortable', 'friendly staff', 'clean rooms', 'food', 'location']",[],5
AVweGRPBkufWRAb5_-hv,Days Inn-jfk Airport,Jamaica,3.5,0.625,"['clean rooms', 'friendly staff', 'location']","['noisy rooms', 'small rooms']",2
AVweGche_7pvs4fzACko,Quality Inn,Bar Harbor,3.5,0.625,"['clean rooms', 'friendly staff', 'comfortable', 'food']",[],2
AVweGf8YkufWRAb5AAev,Hampton Inn & Suites Tampa Northwest/oldsmar,Oldsmar,4.6,0.9,"['clean rooms', 'friendly staff', 'comfortable', 'location']",[],5
AVweGu-NIN2L1WUf2Bve,Budget Inn,Nashville,1.0,0.0,[],['cleanliness'],1
AVweH7Q1_7pvs4fzAQIg,Americas Best Value Inn-weatherford,Weatherford,1.0,0.0,[],[],1
AVweH9mjIN2L1WUf2M8b,Buccaneer Beach Motel,Panama City,4.0,0.75,"['clean rooms', 'view']",[],1
AVweHVUtkufWRAb5AH5e,Hampton Inn & Suites Brookings,Brookings,5.0,1.0,"['clean rooms', 'friendly staff', 'comfortable']",[],1
AVweHXMFIN2L1WUf2HLA,Comfort Inn & Suites,Clearwater,4.2857,0.8214,"['food', 'friendly staff', 'clean rooms', 'location', 'value', 'comfortable']",['slow wifi'],7
AVweHcpWkufWRAb5AI8_,Circa 39 Hotel,Miami Beach,4.3333,0.8333,"['location', 'clean rooms', 'friendly staff', 'value']","['slow wifi', 'noisy rooms']",3
AVweHd8lIN2L1WUf2IG1,Circle B Motor Lodge,Benkelman,1.0,0.0,[],['noisy rooms'],1
AVweHpjLkufWRAb5AKz5,Tokeland Hotel,Tokeland,3.25,0.5625,"['location', 'good wifi']","['slow wifi', 'small rooms', 'broken', 'cleanliness']",4
AVweHqHmIN2L1WUf2J57,Silverstone Inn & Suites,Post Falls,4.0,0.75,"['food', 'friendly staff', 'clean rooms', 'value', 'comfortable', 'good wifi']",['broken'],10
AVweI1bPkufWRAb5AU9i,Norwalk Inn & Conference Center,Norwalk,4.3,0.825,"['location', 'food', 'friendly staff', 'comfortable', 'clean rooms']","['small rooms', 'slow wifi']",10
AVweI3SGkufWRAb5AVNA,Hampton Inn & Suites Philadelphia Montgomeryville,North Wales,5.0,1.0,"['food', 'clean rooms', 'friendly staff', 'comfortable', 'value']",[],3
AVweI3b0_7pvs4fzAX8W,Inn by the Lake,South Lake Tahoe,3.9286,0.7321,"['location', 'clean rooms', 'friendly staff', 'comfortable', 'food', 'view']","['broken', 'cleanliness', 'small rooms', 'slow wifi', 'rude staff', 'noisy rooms']",28
AVweIKhnIN2L1WUf2OZn,Schleichers Landing,Cassville,1.0,0.0,[],[],1
AVweIMpmkufWRAb5APft,Quality Inn,Montgomeryville,5.0,1.0,"['clean rooms', 'friendly staff', 'food', 'good wifi']",[],2
AVweIbz-kufWRAb5ARjg,Town House Motel,Freeport,1.0,0.0,[],"['cleanliness', 'small rooms']",1
AVweIgTGIN2L1WUf2RdH,Island View Motel,Old Orchard Beach,4.0,0.75,"['clean rooms', 'value']",['small rooms'],1
AVweIrnBByjofQCxvlIl,"Hampton Inn & Suites Chapel Hill/Durham, Area",Chapel Hill,4.7,0.925,"['clean rooms', 'friendly staff', 'food', 'comfortable', 'location', 'good wifi']",[],10
AVweJA6NByjofQCxvoCB,Best Western Courtesy Inn,Anaheim,4.1111,0.7778,"['location', 'friendly staff', 'clean rooms', 'food', 'good wifi', 'comfortable']","['slow wifi', 'cleanliness']",9
AVweJF-HkufWRAb5AW-s,Hummingbird Inn,Ojai,4.0,0.75,"['clean rooms', 'location', 'good wifi']",['slow wifi'],2
AVweJGA-_7pvs4fzAZvg,TownePlace Suites Omaha West,Omaha,4.6667,0.9167,"['food', 'clean rooms', 'location']",[],3
AVweJHMNkufWRAb5AXKd,Hampton Inn Suites Hudson,Hudson,4.6667,0.9167,"['clean rooms', 'friendly staff', 'comfortable', 'location', 'food']",['small rooms'],3
AVweJLA0kufWRAb5AXth,Aloft Durham Downtown,Durham,4.5,0.875,"['clean rooms', 'location', 'food', 'friendly staff', 'comfortable', 'value']",[],2
AVweJdyHIN2L1WUf2Z8p,The Cabins At Pinehaven,Beaver,5.0,1.0,['clean rooms'],[],1
AVweJh9R_7pvs4fzAdyw,Holiday Inn Express Suites Clinton,Clinton,4.5,0.875,"['clean rooms', 'comfortable', 'value', 'friendly staff']",[],2
AVweJiq4kufWRAb5AbFH,Best Western-ashburn Inn,Ashburn,4.0,0.75,"['clean rooms', 'location']",[],3
AVweJx1yIN2L1WUf2dB6,The Redbury New York,New York,2.5,0.375,[],"['noisy rooms', 'small rooms', 'rude staff']",2
AVweK5-wByjofQCxv41g,Super 8 Lavonia,Lavonia,3.0,0.5,[],[],1
AVweK9V3kufWRAb5AnT-,NYLO Plano at Legacy,Plano,3.8333,0.7083,"['friendly staff', 'location', 'clean rooms']",[],6
AVweKR2p_7pvs4fzAkn5,Holiday Inn Express & Suites Denver Northeast - Brighton,Brighton,5.0,1.0,[],[],1
AVweKSfvIN2L1WUf2hec,Hampton Inn & Suites Seattle/federal Way,Federal Way,5.0,1.0,"['friendly staff', 'location', 'food', 'clean rooms', 'comfortable']",[],5
AVweKVJX_7pvs4fzAlIE,Sea-Aire Motel,Cocoa Beach,4.5,0.875,"['friendly staff', 'location', 'comfortable']",['broken'],2
AVweKVYhkufWRAb5AiRW,Alicia's Eagle Rock Lodge,Kenai,3.0,0.5,[],['small rooms'],1
AVweK_94kufWRAb5Antu,Wingate By Wyndham Oklahoma City Airport,Oklahoma City,3.25,0.5625,"['friendly staff', 'clean rooms']","['broken', 'noisy rooms']",8
AVweK_MLIN2L1WUf2nYd,hotel le bleu,Brooklyn,4.3333,0.8333,"['friendly staff', 'clean rooms', 'comfortable', 'location']",['noisy rooms'],3
AVweKbcg_7pvs4fzAl_6,Hotel Storyville,New Orleans,5.0,1.0,"['clean rooms', 'location']",[],1
AVweKrF8_7pvs4fzAnxs,Trails End Motel,Wisconsin Dells,4.0,0.75,"['clean rooms', 'location']",[],1
AVweKwUFkufWRAb5Alqj,Staybridge Suites Indianapolis-Carmel,Indianapolis,4.3333,0.8333,"['friendly staff', 'clean rooms']",[],3
AVweL0q1kufWRAb5Au6K,SpringHill Suites Boise,Boise,5.0,1.0,"['friendly staff', 'location', 'comfortable', 'food']",[],1
AVweL5CdByjofQCxwBUY,Lofts on Pearl,Buffalo,4.5,0.875,"['friendly staff', 'clean rooms', 'location', 'comfortable']",[],2
AVweL5sn_7pvs4fzAyoj,Inn Of Knoxville,Knoxville,1.0,0.0,[],"['broken', 'cleanliness']",2
AVweLDv__7pvs4fzArHN,Tyee Motel,Rufus,5.0,1.0,"['comfortable', 'food', 'good wifi']",[],1
AVweLNkgIN2L1WUf2pN7,Best Western Premier The Central Hotel & Conference Center,Harrisburg,4.5294,0.8824,"['friendly staff', 'clean rooms', 'comfortable', 'food', 'location', 'good wifi']","['noisy rooms', 'broken', 'cleanliness']",17
AVweLQFEByjofQCxv70t,Home2 Suites by Hilton Albuquerque/Downtown-University,Albuquerque,4.4,0.85,"['comfortable', 'friendly staff', 'food', 'clean rooms', 'location']","['noisy rooms', 'small rooms']",5
AVweLc3nIN2L1WUf2rSf,Hampton Inn Augusta/Gordon Highway,Augusta,5.0,1.0,"['friendly staff', 'clean rooms', 'location', 'value']",[],2
AVweLhm1kufWRAb5AsMl,Holiday Inn Express & Suites Portland-Jantzen Beach,Portland,3.6667,0.6667,"['friendly staff', 'location', 'food', 'comfortable', 'good wifi']",[],3
AVweLlxcByjofQCxv-pm,Quality Inn Suites,Lodi,4.5,0.875,"['clean rooms', 'comfortable', 'food', 'friendly staff']",[],4
AVweLrdWkufWRAb5AtpR,Bancroft Hotel,Berkeley,4.0,0.75,"['location', 'food']",['small rooms'],1
AVweLt2CByjofQCxv_z8,Inn At Turning Stone Casino,Verona,4.0,0.75,"['clean rooms', 'friendly staff', 'food']",['small rooms'],1
AVweM2Xl_7pvs4fzA7OA,Holiday Inn Savannah Historic District,Savannah,3.3333,0.5833,['friendly staff'],"['noisy rooms', 'expensive']",3
AVweMWcNIN2L1WUf2zEC,Best Western Plus Lacey Inn & Suites,Olympia,4.875,0.9688,"['food', 'friendly staff', 'comfortable', 'clean rooms', 'location', 'value']",[],8
AVweMjEcIN2L1WUf208j,Sterling Gardens Hotel,Las Vegas,4.0,0.75,"['clean rooms', 'comfortable']",[],1
AVweMpa5kufWRAb5A2O7,Hampton Inn Suites Knoxville Papermill Drive,Knoxville,5.0,1.0,"['friendly staff', 'location']",[],2
AVweMppnIN2L1WUf212k,SpringHill Suites Lafayette South at River Ranch,Lafayette,5.0,1.0,['friendly staff'],[],1
AVweMtDiByjofQCxwIf5,Hampton Inn Suites Detroit-Canton,Canton,4.5,0.875,"['friendly staff', 'comfortable', 'food', 'clean rooms']",['small rooms'],2
AVweMx5m_7pvs4fzA6mZ,Comfort Inn,Clinton,3.0,0.5,[],['slow wifi'],1
AVweN60a_7pvs4fzBEks,Best Western Paradise Inn,Dillon,5.0,1.0,"['friendly staff', 'clean rooms', 'location', 'comfortable', 'food', 'good wifi']",[],2
AVweNBT6ByjofQCxwLZy,Comfort Suites,Monroeville,5.0,1.0,"['friendly staff', 'clean rooms', 'food']",[],2
AVweNJ6YIN2L1WUf26XW,Dolphyn Motel,Hampton,1.0,0.0,[],[],1
AVweNNIG_7pvs4fzA-UF,Hampton Inn Easton,Easton,5.0,1.0,"['clean rooms', 'friendly staff', 'comfortable', 'food']",[],1
AVweNSZkIN2L1WUf27Ye,Microtel Inn & Suites By Wyndham Dickson City/scranton,Scranton,4.9167,0.9792,"['clean rooms', 'friendly staff', 'location', 'comfortable', 'food', 'value']",[],12
AVweNWDy_7pvs4fzA_Zj,Blue Harbor Resort,Sheboygan,4.3,0.825,"['friendly staff', 'view', 'location', 'comfortable', 'clean rooms']","['cleanliness', 'small rooms']",10
AVweNZ3sIN2L1WUf28Q5,Best Western Hampton Coliseum Inn,Hampton,4.5,0.875,"['clean rooms', 'friendly staff', 'location', 'comfortable']",[],2
AVweNfSQIN2L1WUf29Gs,Days Inn Moose Lake,Moose Lake,4.0,0.75,['comfortable'],[],2
AVweNkj4kufWRAb5A-MA,Home2 Suites By Hilton Greenville Airport,Greenville,5.0,1.0,"['friendly staff', 'comfortable', 'clean rooms', 'location', 'food']",[],6
AVweNqvL_7pvs4fzBCRY,Comfort Inn Suites Airport and Expo,Louisville,3.8333,0.7083,"['clean rooms', 'comfortable', 'food', 'location', 'friendly staff', 'value']","['noisy rooms', 'small rooms']",6
AVweO6qWByjofQCxwbLH,"Country Inn & Suites By Carlson, Ithaca, NY",Ithaca,4.5,0.875,"['food', 'clean rooms', 'friendly staff', 'location', 'comfortable']",[],4
AVweODHuByjofQCxwUBx,Crescent Suites & Hotel,Waltham,5.0,1.0,"['clean rooms', 'food']",[],1
AVweOHQ4IN2L1WUf3CXe,Americas Best Value Inn Suites-Abilene Mall,Abilene,4.0,0.75,"['clean rooms', 'comfortable']",[],4
AVweOJlEByjofQCxwU4T,Best Western Mt. Vernon Inn,Mount Vernon,5.0,1.0,"['comfortable', 'food']",[],1
AVweONaz_7pvs4fzBHFP,Ocean Suites,Brookings,5.0,1.0,['clean rooms'],[],2
AVweOQzokufWRAb5BEFj,SpringHill Suites Phoenix Chandler/Fashion Center,Chandler,5.0,1.0,['friendly staff'],[],2
AVweOTGlIN2L1WUf3D6X,Hurd La Rinconada Gallery Guest Homes,San Patricio,5.0,1.0,[],[],1
AVweObPHByjofQCxwXFS,Best Western Plus Denton Inn & Suites,Denton,4.5,0.875,"['food', 'comfortable', 'friendly staff', 'clean rooms', 'good wifi', 'location']",['slow wifi'],4
AVweOoAPkufWRAb5BHJO,Portland Regency Hotel & Spa,Portland,4.4444,0.8611,"['friendly staff', 'comfortable', 'location', 'food']","['broken', 'expensive']",18
AVweOrbz_7pvs4fzBLCK,Red Roof Plus+ Wilmington - Newark,Newark,2.2,0.3,['good wifi'],"['small rooms', 'noisy rooms', 'cleanliness', 'slow wifi']",5
AVweOxusIN2L1WUf3Hxx,Budget Inn Suites,Freer,1.0,0.0,[],"['expensive', 'broken']",1
AVweP3PH_7pvs4fzBVEk,Baymont Inn & Suites Crestview,Crestview,4.0,0.75,[],[],1
AVweP9-2IN2L1WUf3SRI,Comfort Suites,Cherokee,3.8,0.7,"['food', 'clean rooms', 'location', 'comfortable', 'friendly staff', 'view']","['slow wifi', 'cleanliness']",5
AVwePAUB_7pvs4fzBNqz,Quality Inn,Saint Cloud,5.0,1.0,"['friendly staff', 'food', 'location', 'comfortable']",[],3
AVwePM5c_7pvs4fzBPRS,Fairfield Inn and Suites Ashland,Ashland,4.5,0.875,"['friendly staff', 'food', 'good wifi', 'value']",['slow wifi'],4
AVwePN8GByjofQCxwdxr,"Country Inn & Suites By Carlson, Athens, Ga",Athens,4.5,0.875,"['friendly staff', 'food', 'clean rooms', 'comfortable']",[],4
AVwePRwmIN2L1WUf3MEt,Quality Inn And Suites,Missoula,4.0,0.75,"['food', 'clean rooms', 'friendly staff', 'value', 'location']",[],5
AVwePiAX_7pvs4fzBSAl,Hampton Inn Suites PortlandVancouver,Vancouver,5.0,1.0,"['friendly staff', 'food', 'location', 'clean rooms', 'comfortable', 'value']",[],6
AVwePzcTIN2L1WUf3Q2t,Wingate by Wyndham Lake Charles Casino Area,Lake Charles,5.0,1.0,['friendly staff'],[],2
AVweQ0jG_7pvs4fzBdOy,Comfort Inn,Marina,3.0,0.5,[],[],1
AVweQ3W7_7pvs4fzBdov,Comfort Suites,Sioux Falls,4.0,0.75,"['clean rooms', 'location', 'comfortable', 'food']",[],1
AVweQ4N_IN2L1WUf3Z26,Comfort Suites,Anderson,5.0,1.0,"['friendly staff', 'location', 'clean rooms', 'comfortable']",[],2
AVweQCf9IN2L1WUf3S5l,America's Best Value Inn,Salina,1.0,0.0,[],"['cleanliness', 'broken', 'rude staff']",1
AVweQDZpIN2L1WUf3TA9,Econolodge,Perry,5.0,1.0,"['clean rooms', 'friendly staff']",[],1
AVweQHRm_7pvs4fzBXYU,Ballinger Inn,Ballinger,1.0,0.0,[],['small rooms'],1
AVweQLaH_7pvs4fzBX7t,Hollywood Motel,New Castle,5.0,1.0,"['clean rooms', 'comfortable']",[],1
AVweQNpgByjofQCxwmvV,Econo Lodge,New Orleans,1.0,0.0,[],[],1
AVweQYUHIN2L1WUf3V6B,Comfort Inn Palo Alto,Palo Alto,4.4,0.85,"['friendly staff', 'clean rooms', 'location', 'food', 'value', 'comfortable']","['expensive', 'noisy rooms']",5
AVweQYciByjofQCxwoQF,Chariot Inn,Glendale,3.5,0.625,"['clean rooms', 'location', 'food', 'good wifi']",['noisy rooms'],2
AVweQyWNkufWRAb5BZeg,The Inn at Solvang,Huntingdon,5.0,1.0,['food'],[],1
AVweQytcIN2L1WUf3ZG_,Holiday Inn Express & Suites Los Angeles Downtown West,Los Angeles,3.6667,0.6667,['location'],['noisy rooms'],3
AVweR-emIN2L1WUf3jf_,Comfort Inn & Suites West,Beaverton,5.0,1.0,['comfortable'],[],1
AVweR0uI_7pvs4fzBl8u,Guerneville Lodge,Guerneville,4.0,0.75,[],[],1
AVweR2I7ByjofQCxw0mU,Lexington Inn - Ardmore,Ardmore,3.6667,0.6667,"['comfortable', 'friendly staff', 'location', 'food']","['small rooms', 'broken']",6
AVweRNdM_7pvs4fzBgi3,Econo Lodge,Pocomoke City,2.5,0.375,"['clean rooms', 'value']",[],2
AVweRUhDIN2L1WUf3dwN,Fairfield Inn & Suites Indianapolis Downtown,Indianapolis,4.1429,0.7857,"['location', 'food', 'friendly staff', 'view', 'value']",[],7
AVweRVJPByjofQCxwwK8,Hampton Inn New Bedford/Fairhaven,Fairhaven,4.5,0.875,"['friendly staff', 'clean rooms', 'comfortable']",[],2
AVweRbO2ByjofQCxww4l,Beavers Bend Lodging,Broken Bow,5.0,1.0,['comfortable'],[],1
AVweRrTuIN2L1WUf3g0r,The Green Tree Inn,Elsah,5.0,1.0,"['food', 'comfortable', 'location', 'view']",[],3
AVweRtPt_7pvs4fzBk5a,Royal Anchor Resort,Old Orchard Beach,3.5,0.625,"['clean rooms', 'friendly staff', 'location', 'good wifi']",['small rooms'],4
AVweS2dLByjofQCxw9tK,Ramada Plaza Hawthorne/LAX,Hawthorne,4.0,0.75,"['clean rooms', 'friendly staff', 'comfortable']",[],1
AVweS9-SByjofQCxw-eq,Hampton Inn Middletown,Middletown,4.3333,0.8333,"['friendly staff', 'food', 'comfortable', 'clean rooms', 'location', 'good wifi']",['slow wifi'],6
AVweSHCoIN2L1WUf3kki,Hampton Inn Suites California University-Pittsburgh,Coal Center,3.75,0.6875,"['friendly staff', 'food', 'clean rooms']",[],4
AVweSJFykufWRAb5BlKg,Red Lion Inn Suites Denver Airport,Denver,4.1667,0.7917,"['location', 'food', 'clean rooms', 'friendly staff', 'comfortable', 'value']",['broken'],6
AVweSQ1r_7pvs4fzBpxr,Hiway Inn Express,Wilburton,1.0,0.0,[],[],1
AVweSTPxIN2L1WUf3mT4,Budget Inn Motel,Herkimer,1.0,0.0,[],['broken'],1
AVweSUvXByjofQCxw4zd,Americana Hotel,Arlington,3.6667,0.6667,"['friendly staff', 'location', 'clean rooms', 'food', 'comfortable', 'value']",[],6
AVweScCQ_7pvs4fzBrYa,Econo Lodge,Chesapeake,2.5,0.375,"['location', 'comfortable', 'food']",[],2
AVweSefL_7pvs4fzBrws,Hotel Aiken,Aiken,3.0,0.5,"['clean rooms', 'friendly staff', 'food', 'location']","['broken', 'cleanliness', 'small rooms']",6
AVweSl1nkufWRAb5BpSv,Ponderosa Motel,Goldendale,4.0,0.75,"['clean rooms', 'friendly staff', 'food']",[],2
AVweSsy-kufWRAb5BqZh,Wingate By Wyndham Alpharetta,Alpharetta,2.0,0.25,[],[],2
AVweT-X4IN2L1WUf30aw,The Stardust Motel,Wallace,4.0,0.75,"['clean rooms', 'location', 'value', 'friendly staff', 'food']",[],2
AVweT38g_7pvs4fzB3oY,Wilderness Lodge,Lesterville,5.0,1.0,"['food', 'location', 'friendly staff']",[],3
AVweT72ekufWRAb5B0YQ,Holiday Inn Anaheim-Resort Area,Anaheim,3.8333,0.7083,"['friendly staff', 'food', 'good wifi', 'clean rooms', 'comfortable']","['slow wifi', 'noisy rooms']",6
AVweT7BLByjofQCxxGNj,Bar Harbor Motel,Bar Harbor,4.875,0.9688,"['clean rooms', 'friendly staff', 'location', 'comfortable', 'good wifi', 'view']",[],8
AVweT9pD_7pvs4fzB4SW,Quality Inn,West Branch,3.5,0.625,['food'],"['noisy rooms', 'expensive']",2
AVweTBP6_7pvs4fzBwh6,Harborside Inn,Edgartown,4.0,0.75,"['clean rooms', 'friendly staff', 'comfortable']",[],1
AVweTCvG_7pvs4fzBwvj,Hilton Garden Inn Columbus/Grove City,Grove City,4.0909,0.7727,"['friendly staff', 'clean rooms', 'food', 'value', 'good wifi', 'comfortable']",['noisy rooms'],11
AVweTd2XIN2L1WUf3wZ1,Ramada Bordentown,Bordentown,5.0,1.0,"['clean rooms', 'friendly staff']",[],1
AVweTl96IN2L1WUf3xbq,Home2 Suites by Hilton Austin North/Near the Domain,Austin,4.25,0.8125,"['location', 'comfortable', 'clean rooms', 'friendly staff', 'food', 'good wifi']",[],4
AVweTzydIN2L1WUf3zPk,Residence Inn Chicago Deerfield,Deerfield,3.0,0.5,[],['slow wifi'],1
AVweU0vj_7pvs4fzCALn,Best Western Desert Inn,Safford,3.5,0.625,"['clean rooms', 'comfortable']",['cleanliness'],2
AVweUEQg_7pvs4fzB5Rz,Paxton Inn Motel,Paxton,4.0,0.75,"['clean rooms', 'friendly staff', 'comfortable']",[],1
AVweUPttByjofQCxxJK6,Hartsville Motel,Hartsville,2.0,0.25,[],"['cleanliness', 'broken']",1
AVweU_-rkufWRAb5B93h,La Fon Motel,Manitou Springs,2.4,0.35,"['clean rooms', 'friendly staff', 'comfortable']","['broken', 'cleanliness']",5
AVweUb3O_7pvs4fzB8oA,Best Western Intracoastal Inn,Jupiter,4.5714,0.8929,"['friendly staff', 'clean rooms', 'location', 'comfortable', 'food', 'value']",[],7
AVweUjWf_7pvs4fzB9tn,Disney's Saratoga Springs Resort & Spa,Orlando,3.9333,0.7333,"['clean rooms', 'friendly staff', 'comfortable', 'location', 'food']",['noisy rooms'],15
AVweUmQeByjofQCxxMQi,Econo Lodge,Gretna,2.0,0.25,[],[],1
AVweVPVYIN2L1WUf3_ik,Great View Motel,Fort Covington,2.5,0.375,"['clean rooms', 'friendly staff', 'food']",[],2
AVweVjEFkufWRAb5CCvi,Home2 Suites by Hilton Lexington University / Medical Center,Lexington,4.8333,0.9583,"['location', 'food', 'friendly staff', 'clean rooms', 'comfortable']",[],6
AVweVnO2kufWRAb5CDXL,Red Roof Inn Hardeeville,Hardeeville,3.0,0.5,"['friendly staff', 'clean rooms', 'food', 'comfortable', 'location']","['cleanliness', 'broken']",9
AVweVteHByjofQCxxV-T,Hampton Inn & Suites Little Rock-downtown,Little Rock,4.4,0.85,"['friendly staff', 'location', 'food', 'clean rooms', 'comfortable']",[],5
AVweW1cfIN2L1WUf4NPl,Red Roof Inn Boardman,Youngstown,5.0,1.0,"['clean rooms', 'friendly staff', 'value', 'comfortable']",[],6
AVweW6CVkufWRAb5COOK,Courtyard Santa Fe,Santa Fe,3.6667,0.6667,"['friendly staff', 'location', 'food', 'comfortable']","['rude staff', 'broken']",6
AVweW7kQByjofQCxxgNE,Drury Inn Suites Austin North,Austin,5.0,1.0,"['clean rooms', 'comfortable', 'food']",[],1
AVweWAGRkufWRAb5CGjZ,Aqua Soleil Hotel And Mineral Water Spa,Desert Hot Springs,4.0,0.75,[],[],1
AVweWG5SIN2L1WUf4G5w,Comfort Inn-lehigh Valley West,Allentown,3.0,0.5,[],['cleanliness'],1
AVweWHMbIN2L1WUf4G8H,Pelican Post Motel,Bradenton Beach,5.0,1.0,['clean rooms'],[],2
AVweWSoMIN2L1WUf4Ia6,Hampton Inn & Suites Grand Rapids Downtown,Grand Rapids,5.0,1.0,['friendly staff'],[],1
AVweWUHakufWRAb5CJFL,Bryce Canyon Motel,Panguitch,1.0,0.0,[],[],1
AVweWYUoByjofQCxxbOW,Snowshoe Motel,Frisco,3.5,0.625,"['clean rooms', 'view']",['broken'],2
AVweWiy6kufWRAb5CK9f,Hostelling International Truro,Truro,4.0,0.75,"['clean rooms', 'friendly staff', 'location']",['broken'],1
AVweWjsYkufWRAb5CLGd,Fairfield Inn Tracy,Tracy,4.5,0.875,"['friendly staff', 'location', 'clean rooms']",['noisy rooms'],2
AVweWs_xByjofQCxxeIo,W Austin,Austin,4.6667,0.9167,"['friendly staff', 'clean rooms', 'location']",[],3
AVweWw5jIN2L1WUf4Mgx,Diamond Hotel,Wisconsin Dells,1.0,0.0,[],[],1
AVweX4IhByjofQCxxoUD,Hampton Inn Suites Oklahoma City Airport,Oklahoma City,4.5,0.875,"['food', 'clean rooms', 'location', 'comfortable']",['broken'],4
AVweX4tvkufWRAb5CWZA,Best Western Plus Lake County Inn & Suites,Tavares,4.5,0.875,"['friendly staff', 'food', 'value', 'clean rooms', 'location']",[],4
AVweXH1XkufWRAb5CP89,Home2 Suites by Hilton Buffalo Airport/Galleria Mall,Buffalo,4.0,0.75,[],['cleanliness'],1
AVweXVo8IN2L1WUf4Rhl,Comfort Inn Suites,Ann Arbor,4.0,0.75,"['clean rooms', 'friendly staff', 'food']",[],2
AVweXbTmIN2L1WUf4STM,Salem Motel,Salem,3.0,0.5,"['friendly staff', 'comfortable']","['cleanliness', 'rude staff']",2
AVweXjkKkufWRAb5CTgt,Hampton San Diego-Kearny Mesa,San Diego,4.0,0.75,"['friendly staff', 'location', 'comfortable', 'food']",['broken'],2
AVweXnn6_7pvs4fzCYBw,Magnuson Hotel Heritage Inn,Rantoul,3.0,0.5,[],['slow wifi'],1
AVweY-gk_7pvs4fzCjdi,Inn Der Bach Resort,Big Bear City,1.3333,0.0833,[],['cleanliness'],3
AVweY87ykufWRAb5CfPN,Tall Winds Motel,Moro,5.0,1.0,['clean rooms'],[],1
AVweYDZ1kufWRAb5CXzQ,Neal's Court,Grand Prairie,5.0,1.0,"['clean rooms', 'friendly staff', 'value']",[],1
AVweYQzZIN2L1WUf4Zfa,Hampton Inn & Suites Camarillo,Camarillo,4.4167,0.8542,"['friendly staff', 'food', 'comfortable', 'clean rooms', 'location', 'value']","['cleanliness', 'noisy rooms', 'broken']",24
AVweYZQn_7pvs4fzCef6,Oak Tree Inn,Avon Park,1.0,0.0,[],"['noisy rooms', 'cleanliness', 'broken']",1
AVweYgEQIN2L1WUf4bg9,Econo Lodge,Corvallis,4.5,0.875,"['clean rooms', 'friendly staff', 'location']",[],2
AVweYgHQByjofQCxxtmc,Executive Inn,Cisco,4.0,0.75,['comfortable'],[],1
AVweZ3e2ByjofQCxx5JW,Carter Lodge,Chimney Rock,4.0,0.75,[],[],1
AVweZ8IWkufWRAb5Cndr,Quality Inn & Suites,Pensacola,3.6667,0.6667,"['clean rooms', 'friendly staff', 'comfortable']",['rude staff'],3
AVweZN42_7pvs4fzClpB,Best Western Plus Richmond Inn & Suites-Baton Rouge,Baton Rouge,4.0,0.75,"['food', 'clean rooms', 'friendly staff', 'comfortable', 'location']","['rude staff', 'small rooms']",10
AVweZVHJkufWRAb5Cihr,Hilton Garden Inn Charlotte Pineville,Pineville,5.0,1.0,"['friendly staff', 'food', 'clean rooms']",[],4
AVweZd_8ByjofQCxx1xO,Baymont Inn & Suites Kissimmee,Kissimmee,2.75,0.4375,['location'],"['cleanliness', 'noisy rooms', 'broken']",4
AVweaPQMByjofQCxx8X2,Hampton Inn Suites Columbus/University Area,Columbus,5.0,1.0,"['friendly staff', 'food']",[],1
AVweajUb_7pvs4fzCxKh,Four Flags Inn,Indiana,3.0,0.5,[],[],1
AVwear0JkufWRAb5CuHZ,Best Western Plus Hotel At The Convention Center,Long Beach,4.25,0.8125,"['clean rooms', 'food', 'friendly staff', 'location', 'comfortable']",['noisy rooms'],8
AVweb2I5IN2L1WUf44wk,Hampton Inn Texarkana Arkansas,Texarkana,5.0,1.0,"['clean rooms', 'friendly staff', 'food', 'value']",[],1
AVwebDxxIN2L1WUf4xWe,Hampton Inn Suites Lansing West,Lansing,4.0,0.75,"['clean rooms', 'friendly staff', 'food']",[],1
AVwebENPIN2L1WUf4xbM,Super 8 Indio,Indio,4.0,0.75,['friendly staff'],['broken'],2
AVwebGZ2kufWRAb5Cxfs,Rodeway Inn Suites,Lincoln City,3.0,0.5,[],[],1
AVwebHhAByjofQCxyD9z,Courtyard by Marriott Newport News Airport,Newport News,5.0,1.0,['friendly staff'],[],1
AVwebsFjIN2L1WUf43Xy,Friday Harbor Suites,Friday Harbor,5.0,1.0,['clean rooms'],[],1
AVwec3DuIN2L1WUf5Cif,Lobby Bar,Houston,4.75,0.9375,"['friendly staff', 'comfortable']",[],4
AVwec5IOByjofQCxyU9Z,Alakai Hotel & Suites,Wisconsin Dells,5.0,1.0,['clean rooms'],[],1
AVwec6Il_7pvs4fzDGys,Sailor Jack Ocean Front Motel,Lincoln City,4.5,0.875,"['friendly staff', 'location', 'view', 'clean rooms', 'comfortable']",[],4
AVwecF7_IN2L1WUf47Ju,Best Western Kings Quarters,Doswell,2.8571,0.4643,[],"['cleanliness', 'broken']",7
AVwecGMaByjofQCxyNSO,Lyndon Motor Lodge,Lyndon,4.5,0.875,"['clean rooms', 'value', 'comfortable', 'friendly staff']",[],2
AVwecLXEByjofQCxyOJN,Baymont Inn Suites Normal Bloomington,Normal,1.0,0.0,[],['broken'],1
AVwecRCQkufWRAb5C8lN,Indianhead Motel,Ironwood,4.25,0.8125,"['clean rooms', 'value', 'comfortable', 'food', 'view']",['small rooms'],4
AVwecTwbByjofQCxyPd_,Otsego Motel,East Springfield,5.0,1.0,"['clean rooms', 'friendly staff', 'food', 'value']",[],1
AVwecdk9kufWRAb5C-l_,Mayberry Motor Inn,Mount Airy,4.5,0.875,"['location', 'clean rooms']","['small rooms', 'broken']",2
AVwed-yWIN2L1WUf5NSx,The Maritime Hotel,New York,4.1111,0.7778,"['location', 'friendly staff', 'comfortable', 'food', 'clean rooms', 'good wifi']","['small rooms', 'slow wifi']",9
AVwed2jdkufWRAb5DLdS,Hampton Inn Norfolk/Virginia Beach,Virginia Beach,4.4737,0.8684,"['food', 'friendly staff', 'comfortable', 'location', 'clean rooms', 'value']","['noisy rooms', 'cleanliness']",19
AVwedE-AIN2L1WUf5Eji,Ramada Bozeman,Bozeman,4.5,0.875,"['friendly staff', 'clean rooms', 'comfortable', 'food', 'value']",[],2
AVwedHa5_7pvs4fzDIkG,Econo Lodge,Crestview,2.5,0.375,"['clean rooms', 'comfortable']",[],2
AVwedKLUkufWRAb5DEzN,Relax Inn,West Memphis,5.0,1.0,"['clean rooms', 'friendly staff', 'comfortable']",[],1
AVwedPRFIN2L1WUf5F4r,Courtyard Myrtle Beach Barefoot Landing,Myrtle Beach,4.5714,0.8929,"['friendly staff', 'location', 'clean rooms', 'food', 'value', 'comfortable']",[],7
AVwedQ9okufWRAb5DFsQ,Hilton Garden Inn Valley Forge/Oaks,Phoenixville,4.5455,0.8864,"['friendly staff', 'location', 'clean rooms', 'food', 'comfortable', 'good wifi']","['noisy rooms', 'expensive', 'small rooms']",11
AVwedbstByjofQCxyZ5i,Best Western Orchard Inn,Ukiah,4.8,0.95,"['food', 'friendly staff', 'location', 'clean rooms']",[],5
AVwedlM6_7pvs4fzDM1V,Circle D Motel,Escalante,4.5,0.875,"['friendly staff', 'clean rooms', 'comfortable', 'location', 'food', 'view']",[],8
AVwedqSb_7pvs4fzDNmB,Hilton Garden Inn Fayetteville,Fayetteville,5.0,1.0,"['clean rooms', 'friendly staff', 'comfortable', 'food', 'location']",[],4
AVwedwDLIN2L1WUf5K9-,Holliday inn Folly Beach,Folly Beach,4.0,0.75,"['clean rooms', 'comfortable']",[],1
AVwedxmDByjofQCxydVB,Martinique Motel,Atlantic City,4.0,0.75,"['friendly staff', 'location']",[],1
AVwee2ex_7pvs4fzDZj5,The Inn At Crested Butte,Crested Butte,3.6667,0.6667,"['location', 'comfortable']","['cleanliness', 'expensive', 'broken']",3
AVwee2pBByjofQCxyn7J,Days Inn & Suites Spokane Airport Airway Heights,Airway Heights,4.25,0.8125,"['clean rooms', 'friendly staff', 'food', 'comfortable', 'good wifi']",['slow wifi'],4
AVweeKnkkufWRAb5DOf-,Hilton Garden Inn Edison/Raritan Center,Edison,4.4,0.85,"['clean rooms', 'friendly staff', 'food', 'good wifi', 'comfortable', 'location']","['noisy rooms', 'slow wifi']",5
AVweeObzIN2L1WUf5Pdb,Hampton Inn Suites Deland,DeLand,5.0,1.0,"['friendly staff', 'location', 'comfortable', 'food', 'clean rooms']",[],3
AVweeQx7_7pvs4fzDTn7,Best Western Airport Inn,Monroe,4.0,0.75,"['food', 'location', 'value', 'good wifi', 'friendly staff', 'comfortable']",[],4
AVweeUcLIN2L1WUf5QYf,AC Hotel Miami Beach,Miami Beach,5.0,1.0,"['friendly staff', 'location']",[],1
AVweefHwkufWRAb5DRkO,Howard Johnson Marina at Monterey Bay,Marina,4.0,0.75,"['clean rooms', 'food', 'good wifi']",['slow wifi'],1
AVweelwAkufWRAb5DStt,Schweich's Hotel Bar & Restaurant,Kenyon,4.5,0.875,"['food', 'clean rooms', 'friendly staff']",[],2
AVween-NByjofQCxylqp,Pakalana Inn,Hilo,5.0,1.0,"['location', 'comfortable']",[],1
AVweergdIN2L1WUf5UH0,Wyndham Garden Pittsburgh Airport,Pittsburgh,2.875,0.4688,"['friendly staff', 'location', 'food', 'clean rooms']",['rude staff'],8
AVweet8EkufWRAb5DUC9,Economy Inn,Jacksonville,1.0,0.0,[],['cleanliness'],1
AVweetE9ByjofQCxymeX,Ramada Limited - Port Allen,Port Allen,3.0,0.5,[],[],1
AVwef6iIByjofQCxyyMK,Turner Falls Inn,Davis,2.5,0.375,"['clean rooms', 'friendly staff', 'location']",['broken'],2
AVwefFAJkufWRAb5DXfO,Best Western Dallas Inn & Suites,Dallas,5.0,1.0,"['clean rooms', 'friendly staff', 'location', 'food']",[],1
AVwefLcrByjofQCxyrBd,Hilton Garden Inn Bowling Green,Bowling Green,4.5,0.875,"['clean rooms', 'food', 'value', 'friendly staff']",[],2
AVwefMM2kufWRAb5DYit,Home2 Suites by Hilton Tallahassee State Capitol,Tallahassee,5.0,1.0,"['friendly staff', 'clean rooms', 'comfortable', 'food', 'value', 'location']",[],10
AVwefkLpIN2L1WUf5csY,Americas Best Value Inn,Ironwood,4.0,0.75,"['friendly staff', 'location', 'clean rooms']",['small rooms'],3
AVwefl5RIN2L1WUf5c-H,Admiral Hotel,Arlington,2.0,0.25,[],[],1
AVwefn0lIN2L1WUf5dOq,Best Western-edgewater Inn,Edgewater,4.0,0.75,['comfortable'],[],1
AVweft8tkufWRAb5DdsN,Sleep inn,Summerville,3.0,0.5,[],[],1
AVwefva7ByjofQCxywip,Holiday Inn Express Suites Deming Mimbres Valley,Deming,4.6667,0.9167,"['food', 'clean rooms', 'friendly staff', 'location']",[],3
AVwegEP1IN2L1WUf5hhB,Holiday Inn North Phoenix,Phoenix,3.0,0.5,"['friendly staff', 'clean rooms', 'comfortable', 'value', 'location', 'food']","['noisy rooms', 'cleanliness', 'broken', 'small rooms', 'expensive', 'slow wifi']",32
AVwegGrq_7pvs4fzDlvK,Comfort Suites Airport,Columbus,3.0,0.5,[],[],1
AVwegH5PIN2L1WUf5iA8,Westchester Hotel,Culver City,1.0,0.0,[],[],1
AVwegJ9-ByjofQCxy0ab,Comfort Suites,Chesapeake,4.0,0.75,"['comfortable', 'food', 'location', 'good wifi']",['slow wifi'],3
AVwegRCDIN2L1WUf5jby,Seaside Inn,Isle of Palms,2.0,0.25,[],[],2
AVwegRKpkufWRAb5Di-N,Comfort Inn,Wichita Falls,5.0,1.0,"['clean rooms', 'friendly staff', 'comfortable', 'food']",[],1
AVwegRxpkufWRAb5DjDF,Timber Creek Chalets,Estes Park,4.0,0.75,"['friendly staff', 'location', 'view']",['small rooms'],2
AVwegUhB_7pvs4fzDnzL,Mesa View Inn,Iraan,1.0,0.0,[],[],1
AVweggP5ByjofQCxy3w0,Sleep Inn Suites Tyler South,Tyler,4.6667,0.9167,"['friendly staff', 'location', 'food', 'clean rooms']",['small rooms'],3
AVwegsSIkufWRAb5Dm7z,Birch Bay Get Away,Blaine,4.6667,0.9167,"['comfortable', 'clean rooms', 'friendly staff', 'food', 'location']",[],3
AVweguO9ByjofQCxy5sp,Stonebrook Lodge,Cherokee,4.5,0.875,"['clean rooms', 'friendly staff', 'location', 'comfortable', 'food', 'good wifi']",['slow wifi'],2
AVweh-i3ByjofQCxzFv2,Comfort Suites Lexington,Lexington,5.0,1.0,"['friendly staff', 'food', 'clean rooms', 'comfortable']",[],3
AVweh4-pkufWRAb5DyTv,Comfort Inn Suites,Alvarado,5.0,1.0,"['friendly staff', 'location', 'value', 'clean rooms', 'comfortable', 'food']",[],2
AVweh7AnByjofQCxzFJQ,Homewood Suites by Hilton Orlando-Nearest to Univ Studios,Orlando,5.0,1.0,"['friendly staff', 'comfortable', 'food']",[],1
AVwehEhfByjofQCxy9FY,Quality Inn Suites,Santee,1.0,0.0,[],[],1
AVwehEtZByjofQCxy9Hr,Aloft Sarasota,Sarasota,5.0,1.0,"['location', 'clean rooms', 'friendly staff', 'view']",[],2
AVwehabgkufWRAb5Dtwg,Millennium Hotel Durham,Durham,2.0,0.25,[],['cleanliness'],5
AVwehcBPByjofQCxzAgl,Emerald Isle Hotel,Beaver Island,4.0,0.75,"['clean rooms', 'location', 'comfortable', 'friendly staff']",[],2
AVwehkkIkufWRAb5DvVT,Days Inn Fayetteville,Fayetteville,1.0,0.0,[],"['noisy rooms', 'slow wifi', 'cleanliness', 'rude staff']",2
AVwehklfByjofQCxzB4C,Aqua Beach Inn,Myrtle Beach,4.0769,0.7692,"['location', 'clean rooms', 'view', 'comfortable', 'friendly staff']","['noisy rooms', 'broken', 'slow wifi', 'small rooms']",13
AVwehmSGByjofQCxzCIN,Three Oaks Motel,Titusville,1.0,0.0,[],[],1
AVwehoS2_7pvs4fzD0UP,Courtyard by Marriott Clemson,Clemson,4.0,0.75,"['clean rooms', 'location']",[],1
AVwehpVcIN2L1WUf5wag,Inn At Cross Keys Station,Madras,3.6,0.65,"['comfortable', 'food', 'good wifi', 'friendly staff']","['slow wifi', 'small rooms', 'broken']",5
AVwehqCVByjofQCxzCqv,BEST WESTERN PLUS Walla Walla Suites Inn,Walla Walla,5.0,1.0,"['clean rooms', 'friendly staff', 'location', 'comfortable', 'food']",[],2
AVwehrU8ByjofQCxzC3S,Park Plaza Motel,Sidney,4.0,0.75,"['friendly staff', 'location', 'food']",[],1
AVwehtY0kufWRAb5Dwod,Crossland Economy Studios Spartanburg - Asheville Hwy.,Spartanburg,3.0,0.5,[],[],1
AVwehuno_7pvs4fzD1VE,Hampton Inn & Suites Palestine,Palestine,5.0,1.0,"['friendly staff', 'food', 'clean rooms', 'comfortable', 'location']",[],6
AVweiB6KByjofQCxzGQ0,Element Harrison - Newark,Harrison,4.3333,0.8333,"['clean rooms', 'food', 'friendly staff', 'location', 'comfortable']",[],3
AVweiNvCIN2L1WUf5181,Budget Inn,Plainview,1.0,0.0,[],['small rooms'],1
AVweiOv3IN2L1WUf52GS,Comfort Inn Suites West - Medical Center,Rochester,5.0,1.0,"['clean rooms', 'friendly staff', 'comfortable', 'food', 'good wifi']",[],1
AVweicmUkufWRAb5D4Fm,Holiday Inn Sarasota-Airport,Sarasota,3.0,0.5,['clean rooms'],"['small rooms', 'broken']",2
AVweiemTByjofQCxzK1F,The Pecos Trail Inn,Santa Fe,5.0,1.0,"['clean rooms', 'friendly staff', 'comfortable']",[],1
AVweiiVQ_7pvs4fzD9f3,Ramada Albuquerque East,Albuquerque,2.8,0.45,"['friendly staff', 'comfortable', 'food']",['cleanliness'],5
AVweisiYIN2L1WUf56hQ,Cougar Land Motel,Pullman,4.0,0.75,"['clean rooms', 'food', 'friendly staff', 'comfortable']",['broken'],2
AVweiu9v_7pvs4fzD_MD,Candlewood Suites Ft. Lauderdale Airport/Cruise,Fort Lauderdale,4.625,0.9062,"['clean rooms', 'comfortable', 'friendly staff', 'location']",['small rooms'],8
AVweiyLaByjofQCxzNl0,Rancho Tee Motel,Atascadero,2.0,0.25,[],[],1
AVwejMBmkufWRAb5D--V,Red Parrot Cafe @ Breakers Resort,Myrtle Beach,4.5,0.875,"['comfortable', 'view']",['small rooms'],2
AVwejMbEkufWRAb5D_BS,Hotel Damici Ristorante,Calistoga,4.0,0.75,['food'],[],1
AVwejVzQ_7pvs4fzEE-j,Hampton Inn & Suites Indianapolis/brownsburg,Brownsburg,4.25,0.8125,"['friendly staff', 'food', 'location', 'comfortable', 'good wifi']",['cleanliness'],4
AVwejXAEkufWRAb5EAnf,Comfort Inn,Worland,2.0,0.25,[],"['expensive', 'small rooms']",2
AVwejXZhIN2L1WUf6A9l,Dillon Motel,Manitou Springs,3.75,0.6875,"['clean rooms', 'location', 'comfortable']",['small rooms'],4
AVwejek7_7pvs4fzEGfs,My Place Suites,Wickenburg,5.0,1.0,[],[],1
AVwejnobkufWRAb5EDV8,Clubhouse Oakbrook Inn & Suites,Westmont,3.8333,0.7083,"['food', 'friendly staff', 'value', 'comfortable', 'location', 'clean rooms']","['noisy rooms', 'cleanliness']",6
AVwejuguIN2L1WUf6Eo4,Terrace Towers Lodge,Red River,5.0,1.0,"['clean rooms', 'view']",[],1
AVwekISWByjofQCxzazT,Wyndham Garden Elk Grove Village/o'hare,Elk Grove Village,1.0,0.0,[],[],1
AVwekMrEIN2L1WUf6JPE,Motel 6 Texarkana TX,Texarkana,3.0,0.5,"['clean rooms', 'location']",['cleanliness'],2
AVwekNMuByjofQCxzbhw,Hampton Inn-seattle/everett,Everett,4.0,0.75,"['clean rooms', 'good wifi']",[],2
AVwekOWFkufWRAb5EJE9,Best Western Adena Inn,Chillicothe,3.0,0.5,[],[],1
AVwekYtJ_7pvs4fzEPLW,Springhill Suites Pensacola,Pensacola,5.0,1.0,"['friendly staff', 'clean rooms', 'comfortable']",[],2
AVwektT2kufWRAb5ENbs,Budget Host Inn,Wytheville,3.8,0.7,"['friendly staff', 'food', 'clean rooms', 'value']",['broken'],5
AVwel0Z4_7pvs4fzEcCk,SpringHill Suites San Diego Rancho Bernardo/Scripps Poway,San Diego,4.0,0.75,"['clean rooms', 'friendly staff', 'food']",['small rooms'],2
AVwel2fpIN2L1WUf6YOc,Best Western Dartmouth Inn,North Dartmouth,5.0,1.0,"['friendly staff', 'clean rooms', 'comfortable', 'food']",[],3
AVwelMOBByjofQCxzkgi,Americas Best Value Inn-arkansas City,Arkansas City,4.0,0.75,['value'],[],1
AVwelOCmIN2L1WUf6Spq,TownePlace Suites Pensacola,Pensacola,5.0,1.0,"['location', 'comfortable', 'food']",[],1
AVwelQLiByjofQCxzlFr,Baymont Inn Suites Grand Rapids SW/Byron Center,Byron Center,3.0,0.5,[],[],1
AVwelVZLIN2L1WUf6TpO,Wyndham Canterbury at San Francisco,San Francisco,3.9,0.725,"['food', 'location', 'comfortable', 'clean rooms', 'good wifi', 'value']","['slow wifi', 'broken', 'rude staff']",10
AVwelvld_7pvs4fzEbbe,Orange City Motel,Orange City,4.5,0.875,"['location', 'value', 'clean rooms', 'friendly staff', 'comfortable']",[],2
AVwem0xukufWRAb5EgAB,Comfort Inn,Winchester,4.0,0.75,"['friendly staff', 'comfortable']",[],3
AVwem5e6IN2L1WUf6hOs,Clarion Inn & Suites,Chicago,3.9545,0.7386,"['location', 'friendly staff', 'comfortable', 'clean rooms', 'food', 'value']","['cleanliness', 'noisy rooms', 'broken', 'slow wifi', 'small rooms']",22
AVwemBCCkufWRAb5EZCs,Clarion Resort Waterpark,Kissimmee,5.0,1.0,['location'],[],1
AVwemIqzByjofQCxzs4F,Elmwood Motor Court,Old Orchard Beach,4.0,0.75,"['location', 'food']",[],2
AVwemLkAkufWRAb5EaiN,Best Western Executive Inn,Grove City,5.0,1.0,"['friendly staff', 'good wifi', 'clean rooms', 'comfortable']",[],2
AVwemRsOIN2L1WUf6cCe,Wingate by Wyndham LaGrange-Callaway,LaGrange,3.0,0.5,"['friendly staff', 'comfortable', 'food']",['noisy rooms'],2
AVwemUd1kufWRAb5EbtL,Waldo Arms Hotel,Kaktovik,5.0,1.0,[],[],1
AVwemY7tIN2L1WUf6c-u,Hampton Inn & Suites Wilmington Christiana,Newark,5.0,1.0,"['clean rooms', 'comfortable', 'food', 'friendly staff', 'location']",[],5
AVwemhxrIN2L1WUf6d-H,Courtyard Houston Hobby Airport,Houston,2.5,0.375,[],['cleanliness'],2
AVwemomx_7pvs4fzEjTa,Millennium Hotel Cincinnati,Cincinnati,2.3333,0.3333,['location'],"['broken', 'cleanliness']",9
AVwemxGnByjofQCxzyPO,Best Western Central Inn,Savannah,3.5,0.625,"['clean rooms', 'food', 'location', 'friendly staff', 'comfortable', 'good wifi']",['slow wifi'],6
AVyishNkKV4T4IkwNah7,The Kahala Hotel & Resort,Honolulu,5.0,1.0,['friendly staff'],[],1
AVyx85zH8im-6PJyHFPh,Grande Colonial La Jolla,La Jolla,4.75,0.9375,"['friendly staff', 'food', 'location', 'view']",[],4
AVz1iS0Q-gnIPe8DUYOb,Residence Inn Seattle Downtown/Lake Union,Seattle,3.0,0.5,[],[],1
AVz3ZO-6LD2H7whiYJt9,The Joy Motel,Eureka Springs,1.0,0.0,[],[],1
AVz58fSi-gnIPe8DUnRl,Hampton Inn Suites San Antonio-Downtown/Market Square,San Antonio,5.0,1.0,"['food', 'good wifi']",[],1
AVz6h463LD2H7whiYPOd,"The Saint Hotel Key West, Autograph Collection",Key West,4.44,0.86,"['friendly staff', 'location', 'food', 'clean rooms', 'comfortable', 'value']","['small rooms', 'noisy rooms', 'expensive', 'slow wifi']",25
AVz6h4ZP3D1zeR_xDHs1,Sleep Inn,Sevierville,5.0,1.0,"['clean rooms', 'friendly staff', 'food']",[],1
AVzA-V9_FcQ3k02bBaVI,Hyatt Place Pittsburgh North Shore,Pittsburgh,4.5,0.875,"['friendly staff', 'location', 'food', 'clean rooms', 'comfortable']",[],2
AVzA-lh4FcQ3k02bBahx,Renaissance Tulsa Hotel & Convention Center,Tulsa,5.0,1.0,['value'],[],1
AVzA0608-gnIPe8DScDt,The L.A. Hotel Downtown,Los Angeles,4.0,0.75,"['friendly staff', 'comfortable']",['small rooms'],2
AVzA2-Dg3D1zeR_xBA6y,DoubleTree by Hilton Hotel Metropolitan - New York City,New York,5.0,1.0,"['clean rooms', 'friendly staff', 'location', 'comfortable', 'good wifi']",[],1
AVzA2-V13D1zeR_xBA7B,"The Beekman, A Thompson Hotel",New York,5.0,1.0,"['friendly staff', 'location', 'comfortable', 'food']",[],1
AVzBA2PM3D1zeR_xBET7,Aqua Waikiki Pearl,Honolulu,4.2,0.8,"['clean rooms', 'friendly staff', 'comfortable', 'location', 'good wifi']","['noisy rooms', 'slow wifi']",5
AVzBEbNmFcQ3k02bBd07,Portland Harbor Hotel,Portland,4.0,0.75,"['clean rooms', 'friendly staff', 'location', 'comfortable']",['broken'],1
AVzBLH7C-gnIPe8DSkd5,Courtyard Oklahoma City Northwest,Oklahoma City,4.0,0.75,"['clean rooms', 'location']",[],1
AVzOLKKGLD2H7whiWaQA,Embassy Suites by Hilton Nashville Airport,Nashville,5.0,1.0,"['friendly staff', 'location', 'comfortable', 'food']",[],1
AVzOLPqy-gnIPe8DSyDW,Freehand Chicago,Chicago,1.0,0.0,[],[],1
AVzOLf4aFcQ3k02bBrRN,Best Western Plus Inn At The Vines,Napa,4.1486,0.7872,"['food', 'clean rooms', 'friendly staff', 'location', 'comfortable', 'value']","['noisy rooms', 'expensive', 'small rooms', 'slow wifi', 'cleanliness', 'broken']",74
AVzOLoZuLD2H7whiWa_L,Villa Paradiso,Miami Beach,4.37,0.8425,"['location', 'comfortable', 'friendly staff', 'clean rooms', 'value', 'good wifi']","['noisy rooms', 'rude staff']",25
AVzOLv0p-gnIPe8DSzCs,"The Carlyle, A Rosewood Hotel",New York,1.0,0.0,[],['broken'],1
AVzOLyE1FcQ3k02bBr9S,The Broome,New York,5.0,1.0,"['friendly staff', 'comfortable', 'location']",[],2
AVzRUCGiFcQ3k02bBtGD,Best Western Beach Dunes Inn,Marina,1.0,0.0,[],"['cleanliness', 'broken']",1
AVzX1GbfFcQ3k02bB73-,The Charlesmark Hotel,Boston,4.2657,0.8164,"['location', 'food', 'friendly staff', 'comfortable', 'clean rooms', 'value']","['small rooms', 'expensive', 'noisy rooms', 'broken', 'cleanliness', 'slow wifi']",99
AVzX379oFcQ3k02bCABU,"The Roosevelt New Orleans, A Waldorf Astoria Hotel",New Orleans,4.5,0.875,"['location', 'clean rooms', 'friendly staff', 'food']",['broken'],2
AVzX37zs-gnIPe8DTHi5,"Mandarin Oriental, Miami",Miami,5.0,1.0,"['friendly staff', 'location', 'food']",[],1
AVzX38Ya-gnIPe8DTHlj,"The Ritz-Carlton, Pentagon City",Arlington,4.8235,0.9559,"['friendly staff', 'location', 'food', 'comfortable', 'clean rooms', 'value']","['expensive', 'small rooms', 'slow wifi']",34
AVzYkxFXFcQ3k02bCKjD,"The Ritz-Carlton, Boston",Boston,5.0,1.0,"['friendly staff', 'location']",[],1
AVzYm8FDFcQ3k02bCM1F,The Nolitan Hotel,New York,5.0,1.0,"['clean rooms', 'friendly staff', 'location', 'value']",[],1
AVzeBEOHLD2H7whiXH35,Home2 Suites by Hilton Baltimore Downtown,Baltimore,3.6,0.65,"['food', 'friendly staff']",['small rooms'],4
AVzfTGgI3D1zeR_xCEfw,Courtyard Las Vegas Henderson/Green Valley,Henderson,4.0,0.75,"['clean rooms', 'friendly staff', 'location', 'food']",[],1
AVzj4ARrFcQ3k02bClGt,Cedar Falls Motel,Morrilton,4.0,0.75,"['location', 'value']","['small rooms', 'broken']",1
AVzj5QuL-gnIPe8DTupv,Hilton Garden Inn Napa,Napa,4.0,0.75,"['friendly staff', 'location']",['noisy rooms'],1
AVzj61sFLD2H7whiXWvv,Americas Best Value Inn Bighorn Lodge,Grand Lake,4.0,0.75,"['clean rooms', 'friendly staff', 'location']",[],1
AVzj7L9vFcQ3k02bComN,Mesa Verde Motel,Mancos,4.0,0.75,"['clean rooms', 'friendly staff', 'location', 'comfortable', 'food']",[],1
AVzoCJ-SFcQ3k02bCu4t,Ponderosa Lodge,Red River,5.0,1.0,"['clean rooms', 'friendly staff', 'location']",[],1
AVzoElk_-gnIPe8DT7CH,Courtyard Cleveland Beachwood,Beachwood,5.0,1.0,"['friendly staff', 'comfortable']",[],1
AVzsuPbiLD2H7whiXykw,Harbourfront Motel,Lexington,4.0,0.75,"['clean rooms', 'friendly staff', 'location', 'comfortable']",[],1
AVzxo_taLD2H7whiX61c,Quality Inn and Suites By The Parks,Kissimmee,4.3325,0.8331,"['food', 'friendly staff', 'location', 'clean rooms', 'comfortable', 'value']","['broken', 'cleanliness', 'noisy rooms', 'small rooms', 'expensive']",60
AWB2Z-WMa4HuVbedJ8XM,La Quinta Inn Norfolk Virginia Beach,Virginia Beach,3.5667,0.6417,"['friendly staff', 'clean rooms', 'comfortable', 'location', 'food', 'value']","['cleanliness', 'broken', 'slow wifi', 'noisy rooms', 'small rooms']",60
AWB2c3w1a4HuVbedJ8gL,Red Roof Inn - Richmond South,Richmond,3.8,0.7,"['clean rooms', 'comfortable', 'friendly staff', 'location', 'value']","['cleanliness', 'small rooms']",10
AWB2c3xp3-Khe5l_cVZC,Red Roof Inn Hampton Coliseum Convention Center,Hampton,2.52,0.38,"['friendly staff', 'comfortable', 'location', 'food', 'value']","['cleanliness', 'noisy rooms', 'rude staff', 'broken', 'small rooms', 'slow wifi']",25
AWB2m-qm3-Khe5l_cVmM,La Quinta Inn Roanoke Salem,Salem,4.0833,0.7708,"['clean rooms', 'friendly staff', 'food', 'location', 'comfortable']",['cleanliness'],12
AWB4WH1Ua4HuVbedJ9Q-,Extended Stay America Hampton - Coliseum,Hampton,3.0,0.5,"['friendly staff', 'location', 'food', 'clean rooms', 'comfortable']","['slow wifi', 'broken', 'cleanliness', 'small rooms', 'noisy rooms']",11
AWBwmDwiIxWefVJwvAe-,SpringHill Suites by Marriott Norfolk Virginia Beach,Norfolk,4.2174,0.8043,"['friendly staff', 'food', 'comfortable', 'clean rooms', 'location', 'value']","['noisy rooms', 'cleanliness', 'small rooms', 'broken']",46
AWCAC41O3-Khe5l_cYON,Best Western Plus Virginia Beach,Virginia Beach,3.7119,0.678,"['friendly staff', 'food', 'clean rooms', 'view', 'comfortable', 'location']","['noisy rooms', 'small rooms', 'broken', 'slow wifi', 'cleanliness', 'expensive']",59
AWCACeD5IxWefVJwvFCE,Best Western Springfield,Springfield,3.7125,0.6781,"['food', 'friendly staff', 'location', 'clean rooms', 'comfortable', 'value']","['cleanliness', 'broken', 'small rooms', 'noisy rooms', 'slow wifi', 'rude staff']",160
AWCACesxIxWefVJwvFDm,Best Western Continental Inn,El Cajon,2.7273,0.4318,"['food', 'location', 'clean rooms', 'friendly staff', 'comfortable']","['cleanliness', 'broken', 'small rooms', 'slow wifi', 'noisy rooms']",11
AWCACkxFa4HuVbedJ_Az,Days Inn & Suites Trinidad,Trinidad,4.5,0.875,"['clean rooms', 'comfortable', 'view', 'friendly staff', 'food', 'location']",[],4
AWCACyWIIxWefVJwvFeo,Best Western Inn At Palm Springs,Palm Springs,4.0,0.75,"['clean rooms', 'value']",[],1
AWCIJHukRxPSIh2Rpn0m,The Academy Hotel Colorado Springs,Colorado Springs,5.0,1.0,"['friendly staff', 'location', 'food']",[],1
AWCPOg2rRxPSIh2RpqQS,Hampton Inn Suites Indianapolis-Keystone,Indianapolis,5.0,1.0,"['clean rooms', 'friendly staff']",[],1
AWCVdo9B3-Khe5l_co-n,Homewood Suites by Hilton Virginia Beach/Norfolk Airport,Virginia Beach,4.5833,0.8958,"['comfortable', 'friendly staff', 'food', 'clean rooms', 'location', 'good wifi']",['broken'],24
AWCqkS1Ea4HuVbedKjtc,Virginia Beach Resort Hotel Conference Center,Virginia Beach,3.7857,0.6964,"['friendly staff', 'clean rooms', 'food', 'location', 'comfortable', 'view']","['noisy rooms', 'cleanliness', 'rude staff', 'broken', 'small rooms', 'slow wifi']",42
AWE1_85Y3-Khe5l_fvSC,Hotel St. Augustine,Miami Beach,3.7941,0.6985,"['location', 'friendly staff', 'food', 'clean rooms', 'comfortable', 'value']","['cleanliness', 'noisy rooms', 'broken', 'rude staff']",34
AWE1_Z8-RxPSIh2Rsaks,Montage Beverly Hills,Beverly Hills,4.0182,0.7545,"['location', 'friendly staff', 'comfortable', 'food', 'view', 'clean rooms']","['expensive', 'slow wifi']",11
AWE1_wwU3-Khe5l_fvRW,Sense Beach House,Miami Beach,4.4771,0.8693,"['friendly staff', 'location', 'comfortable', 'food', 'clean rooms', 'view']","['expensive', 'noisy rooms', 'slow wifi']",35
AWE2AflvRxPSIh2RsapS,Hyatt Regency Sacramento,Sacramento,5.0,1.0,"['friendly staff', 'location']",[],1
AWE2BgHcIxWefVJwyDYU,W Boston,Boston,4.2256,0.8064,"['friendly staff', 'location', 'comfortable', 'food', 'clean rooms', 'good wifi']","['noisy rooms', 'expensive', 'rude staff', 'small rooms', 'slow wifi', 'broken']",78
AWE2CYSsIxWefVJwyDrn,Virgin Hotels Chicago,Chicago,4.7763,0.9441,"['friendly staff', 'comfortable', 'location', 'view', 'clean rooms', 'good wifi']",[],19
AWE2CvxXa4HuVbedNVUf,Royal Resort,Las Vegas,4.0,0.75,"['friendly staff', 'location', 'clean rooms', 'food']","['broken', 'noisy rooms', 'expensive', 'small rooms']",2
AWE2E2OG3-Khe5l_fwmT,Bienville House,New Orleans,5.0,1.0,['food'],[],1
AWE2I5Nv3-Khe5l_fxSI,Hampton Inn Odessa,Odessa,5.0,1.0,"['clean rooms', 'friendly staff', 'location', 'food']",[],1
AWE703bh3-Khe5l_f-iy,Baymont Inn Suites - Tullahoma,Tullahoma,5.0,1.0,"['clean rooms', 'friendly staff', 'location', 'comfortable', 'food']",[],1
AWE70Igw3-Khe5l_f-eW,Sleep Inn And Suites Danville,Danville,5.0,1.0,"['clean rooms', 'friendly staff', 'food']",[],1
AWE70c43RxPSIh2Rslyx,WoodSpring Suites Phoenix I-10 West,Phoenix,5.0,1.0,"['clean rooms', 'friendly staff']",[],1
AWE71D_hIxWefVJwyO98,Econo Lodge,Vicksburg,5.0,1.0,"['clean rooms', 'friendly staff', 'comfortable', 'food']",[],1
AWE778BPRxPSIh2RsmyR,Days Inn Baltimore South/Glen Burnie,Glen Burnie,3.1905,0.5476,"['friendly staff', 'clean rooms', 'comfortable', 'location', 'food', 'value']","['cleanliness', 'small rooms', 'noisy rooms', 'broken']",42
AWE7JcmoIxWefVJwyF90,Comfort Suites Suffolk - Chesapeake,Suffolk,4.0,0.75,"['friendly staff', 'clean rooms', 'food', 'comfortable', 'location', 'view']","['cleanliness', 'small rooms', 'noisy rooms', 'broken', 'rude staff']",26
AWE7LT6e3-Khe5l_fya-,Hilton Garden Inn Hampton Coliseum Central,Hampton,4.3704,0.8426,"['friendly staff', 'location', 'comfortable', 'food', 'clean rooms', 'value']","['noisy rooms', 'broken']",27
AWE7MLXnIxWefVJwyHZO,Maison de Macarty,New Orleans,5.0,1.0,"['clean rooms', 'friendly staff', 'food']",[],1
AWE7NkBkRxPSIh2Rse5g,Best Western Envoy Inn,Atlantic City,3.4737,0.6184,"['location', 'friendly staff', 'food', 'clean rooms', 'comfortable', 'value']","['cleanliness', 'small rooms', 'noisy rooms', 'broken', 'rude staff']",19
AWE7OfxKIxWefVJwyIce,Ramada BWI Airport/Arundel Mills,Hanover,3.2299,0.5575,"['friendly staff', 'location', 'clean rooms', 'food', 'comfortable', 'value']","['broken', 'cleanliness', 'small rooms', 'noisy rooms', 'slow wifi', 'rude staff']",87
AWE7QGqd3-Khe5l_f1aN,Best Western Kelly Inn,Minot,5.0,1.0,"['clean rooms', 'comfortable', 'food']",[],1
AWE7WbMH3-Khe5l_f2pS,Embassy Suites by Hilton Baltimore at BWI Airport,Linthicum Heights,3.9615,0.7404,"['food', 'friendly staff', 'comfortable', 'location', 'clean rooms', 'value']","['expensive', 'cleanliness', 'small rooms', 'broken', 'noisy rooms', 'slow wifi']",26
AWE7ZNpGRxPSIh2Rsg6o,Hampton Inn Suites Columbia/South,Columbia,4.4706,0.8676,"['friendly staff', 'comfortable', 'food', 'clean rooms', 'location', 'value']",['small rooms'],17
AWE7_G_fRxPSIh2Rsot1,Microtel Inn Suites by Wyndham Pigeon Forge,Pigeon Forge,5.0,1.0,['friendly staff'],[],1
AWE7_gFaIxWefVJwySRq,Drury Inn St Louis Collinsville,Collinsville,4.0,0.75,"['clean rooms', 'food']",[],1
AWE7adN_a4HuVbedNc_m,Sonesta ES Suites Columbia Baltimore,Columbia,4.4138,0.8534,"['friendly staff', 'clean rooms', 'food', 'comfortable', 'location', 'good wifi']","['noisy rooms', 'slow wifi', 'broken']",29
AWE7dKHFIxWefVJwyLgA,Hampton Inn Suites National HarborAlexandria Area,Oxon Hill,4.5161,0.879,"['friendly staff', 'food', 'location', 'clean rooms', 'comfortable', 'value']","['small rooms', 'noisy rooms', 'broken']",31
AWE7eL6LIxWefVJwyMFd,Hampton Inn Suites Sioux City/South,Sioux City,5.0,1.0,"['clean rooms', 'friendly staff', 'good wifi']",[],1
AWE7eU3BRxPSIh2RsjBu,Quality Inn & Suites Jefferson City,Jefferson City,1.0,0.0,[],['rude staff'],1
AWE7h7Cta4HuVbedNeQt,MOXY New Orleans Downtown/French Quarter Area,New Orleans,5.0,1.0,"['friendly staff', 'value']",[],1
AWE7h8u53-Khe5l_f4mi,Four Seasons Hotel New York Downtown,New York,5.0,1.0,"['clean rooms', 'friendly staff', 'location', 'comfortable', 'food']",[],1
AWE7he303-Khe5l_f4kC,Ace Hotel Chicago,Chicago,4.65,0.9125,"['location', 'friendly staff', 'food', 'comfortable']",[],4
AWE7iZZra4HuVbedNeSR,Hilton Baltimore BWI Airport,Linthicum Heights,4.2424,0.8106,"['friendly staff', 'location', 'food', 'clean rooms', 'comfortable', 'good wifi']",['slow wifi'],33
AWE85RGda4HuVbedN5Mp,Quality Inn,Des Moines,4.0,0.75,"['clean rooms', 'comfortable', 'value']",['small rooms'],1
AWE8B_BEIxWefVJwyS0V,Best Western Inn Florence,Florence,4.0,0.75,"['clean rooms', 'location', 'food']",[],1
AWE8DmwzRxPSIh2RsqE3,Americas Best Value Inn New Philadelphia,New Philadelphia,3.0,0.5,[],[],1
AWE8LfTC3-Khe5l_gKeD,Quality Inn & Suites Anaheim Maingate,Anaheim,1.0,0.0,[],"['noisy rooms', 'small rooms', 'broken']",1
AWE8MMXI3-Khe5l_gKeX,Hilton Garden Inn Chesapeake/Suffolk,Suffolk,4.4,0.85,"['clean rooms', 'friendly staff', 'comfortable', 'location', 'food']",['slow wifi'],15
AWE8MZSMa4HuVbedNwMH,TownePlace Suites by Marriott Suffolk Chesapeake,Suffolk,4.8,0.95,"['friendly staff', 'clean rooms', 'location', 'comfortable', 'food', 'value']",[],5
AWE9HAL83-Khe5l_gX5M,Hampton Inn Gloucester,Gloucester,4.5,0.875,"['friendly staff', 'food', 'clean rooms', 'comfortable', 'location', 'good wifi']","['slow wifi', 'small rooms', 'noisy rooms']",20
AWE9cbgDa4HuVbedODVc,Comfort Suites,Chincoteague Island,4.5,0.875,"['friendly staff', 'clean rooms', 'location', 'view', 'comfortable', 'food']","['slow wifi', 'expensive', 'small rooms']",16
AWEKjfDC3-Khe5l_es6x,Hampton Inn Suites McAlester,McAlester,5.0,1.0,"['clean rooms', 'friendly staff', 'comfortable', 'food']",[],1
AWEKmFPCIxWefVJwxIvY,Comfort Suites-Texarkana,Texarkana,4.0,0.75,"['comfortable', 'value']",[],1
AWEKmPuq3-Khe5l_ewfE,Hampton Inn Suites Minooka,Minooka,5.0,1.0,"['clean rooms', 'friendly staff', 'food']",[],1
AWEKmSZsa4HuVbedMW7A,Best Western Plus Peoria,East Peoria,5.0,1.0,"['clean rooms', 'friendly staff', 'comfortable', 'food']",[],1
AWEKmguXRxPSIh2Rrh4r,Americas Best Value Inn,South Bend,4.3333,0.8333,"['friendly staff', 'comfortable', 'clean rooms', 'food', 'value', 'good wifi']",['slow wifi'],3
AWEKmvC73-Khe5l_exdd,Rodeway Inn,Ainsworth,4.0,0.75,"['clean rooms', 'friendly staff', 'comfortable', 'food']",[],1
AWEKnvsxRxPSIh2Rriq8,Quality Inn,Ruston,4.0,0.75,['clean rooms'],[],1
AWEKptZG3-Khe5l_eyJY,Suburban Extended Stay,Lakeland,2.0,0.25,[],['cleanliness'],1
AWEKqq8Ea4HuVbedMYjz,Econo Lodge,Eureka Springs,5.0,1.0,"['friendly staff', 'comfortable']",[],1
AWENkUK9IxWefVJwxc2q,"The Troubadour Hotel New Orleans, Tapestry Collection by Hilton",New Orleans,4.5128,0.8782,"['friendly staff', 'location', 'comfortable', 'food', 'clean rooms', 'view']","['expensive', 'slow wifi', 'noisy rooms', 'rude staff']",39
AWEhoizBa4HuVbedNJo_,AC Hotel by Marriott Boston Downtown,Boston,5.0,1.0,"['friendly staff', 'location']",[],1
AWEw--2R3-Khe5l_fuXk,Rodeway Inn,Youngstown,5.0,1.0,"['clean rooms', 'friendly staff', 'comfortable', 'value']",[],1
AWEw3H-UIxWefVJwyAZ0,dana hotel and spa,Chicago,4.4826,0.8707,"['friendly staff', 'location', 'comfortable', 'view', 'food', 'clean rooms']","['expensive', 'noisy rooms']",46
AWEw3i5yRxPSIh2RsYCd,Suncoast Hotel and Casino,Las Vegas,3.9138,0.7284,"['friendly staff', 'clean rooms', 'view', 'food', 'comfortable', 'location']","['small rooms', 'slow wifi', 'noisy rooms', 'cleanliness', 'expensive', 'broken']",58
AWEw3wKka4HuVbedNR_y,Embassy Suites by Hilton Crystal City National Airport,Arlington,4.4578,0.8645,"['friendly staff', 'food', 'location', 'comfortable', 'clean rooms', 'value']","['cleanliness', 'expensive', 'small rooms', 'broken', 'rude staff', 'slow wifi']",83
AWEw9jFgIxWefVJwyBzX,DoubleTree by Hilton Hotel Washington DC - Silver Spring,Silver Spring,4.0714,0.7679,"['location', 'friendly staff', 'clean rooms', 'food', 'comfortable', 'value']","['small rooms', 'cleanliness', 'noisy rooms', 'broken', 'rude staff', 'expensive']",42
AWEw_jvdIxWefVJwyC31,Extended Stay America - Atlanta - Clairmont,Atlanta,4.6667,0.9167,"['friendly staff', 'clean rooms', 'food', 'location']","['noisy rooms', 'small rooms']",3
AWFAYk4e3-Khe5l_ggpw,Holiday Inn Express Baltimore-Bwi Airport West,Hanover,4.2286,0.8071,"['location', 'friendly staff', 'food', 'clean rooms', 'comfortable', 'value']","['broken', 'cleanliness', 'noisy rooms', 'rude staff']",35
AWFFotMF3-Khe5l_gl2_,Candlewood Suites Norfolk Airport,Norfolk,4.1333,0.7833,"['clean rooms', 'comfortable', 'food', 'location', 'friendly staff', 'good wifi']","['slow wifi', 'cleanliness', 'noisy rooms', 'small rooms']",15
AWFFwvTpIxWefVJwywC8,Hampton Inn Suites Camp Springs/Andrews AFB,Suitland,4.0,0.75,['location'],['broken'],1
AWFFx0t_3-Khe5l_gouq,Hampton Inn Suites Richmond,Richmond,5.0,1.0,['friendly staff'],[],1
AWFXTHKpa4HuVbedORFN,Days Inn Chincoteague Island,Chincoteague Island,2.9231,0.4808,"['friendly staff', 'comfortable', 'food', 'location', 'value']","['small rooms', 'broken', 'cleanliness']",13
AWIHh69e3-Khe5l_hRq9,Rodeway Inn,Chicago,4.0,0.75,"['clean rooms', 'friendly staff', 'value']",['noisy rooms'],1
AWIYGr06IxWefVJwzU-7,Hilton Garden Inn BWI Airport,Linthicum Heights,4.439,0.8598,"['friendly staff', 'clean rooms', 'comfortable', 'location', 'food', 'good wifi']","['cleanliness', 'broken', 'small rooms']",41
AWIajIQMa4HuVbedO4uB,Hyatt Place Baltimore/Inner Harbor,Baltimore,4.3889,0.8472,"['friendly staff', 'location', 'food', 'clean rooms', 'comfortable', 'view']","['small rooms', 'broken', 'cleanliness', 'expensive']",54
AWIaksGha4HuVbedO4wB,Best Western Capital Beltway,Lanham,3.3548,0.5887,"['friendly staff', 'food', 'clean rooms', 'location', 'comfortable', 'value']","['noisy rooms', 'cleanliness', 'slow wifi', 'small rooms', 'expensive', 'broken']",62
AWKkrZYpa4HuVbedPT1I,The Westin Las Vegas Hotel & Spa,Las Vegas,4.2006,0.8001,"['friendly staff', 'location', 'comfortable', 'clean rooms', 'food', 'value']","['noisy rooms', 'broken', 'rude staff', 'expensive', 'small rooms', 'cleanliness']",171
AWKlQWNQa4HuVbedPUSi,Fremont Hotel & Casino,Las Vegas,3.67,0.6675,"['location', 'friendly staff', 'comfortable', 'clean rooms', 'food', 'good wifi']","['noisy rooms', 'broken', 'slow wifi', 'small rooms', 'cleanliness', 'rude staff']",85
AWKoW_tYa4HuVbedPVUg,Hotel Zetta San Francisco,San Francisco,4.3508,0.8377,"['friendly staff', 'location', 'comfortable', 'food', 'clean rooms', 'good wifi']","['noisy rooms', 'broken', 'expensive', 'small rooms', 'rude staff', 'slow wifi']",63
AWKpI38Q3-Khe5l_hxUR,Main Street Station Casino Brewery Hotel,Las Vegas,4.4017,0.8504,"['comfortable', 'clean rooms', 'food', 'value', 'friendly staff', 'location']","['noisy rooms', 'broken', 'expensive']",29
AWKpYhaja4HuVbedPVes,Room Mate Lord Balfour,Miami Beach,4.2577,0.8144,"['location', 'friendly staff', 'comfortable', 'clean rooms', 'food', 'good wifi']","['small rooms', 'noisy rooms', 'cleanliness', 'broken', 'expensive']",65
AWKr8UBHa4HuVbedPWl2,Miyako Hotel Los Angeles,Los Angeles,4.4675,0.8669,"['location', 'comfortable', 'clean rooms', 'friendly staff', 'food', 'view']","['expensive', 'small rooms', 'noisy rooms']",20
AWKuEeWka4HuVbedPXff,AC Hotel Chicago Downtown,Chicago,4.0818,0.7705,"['location', 'clean rooms', 'food', 'friendly staff', 'comfortable', 'value']",[],11
AWNSHai33-Khe5l_ifzh,Hotel Renew,Honolulu,4.5556,0.8889,"['friendly staff', 'clean rooms', 'location', 'food', 'view', 'comfortable']",['broken'],18
AWUPNmq6IxWefVJw3c71,Moxy Chicago Downtown,Chicago,2.0,0.25,[],"['noisy rooms', 'small rooms']",1
